,index,0
0,dorf,2
1,technology,21
2,digital,141
3,language,13
4,contemporary digital,6
5,digital technology,2
6,world,35
7,contemporary,15
8,landscape,31
9,upon,4
10,amerika,2
11,remix,3
12,extended,5
13,glitch,24
14,colorado,3
15,airport,4
16,video,58
17,play,6
18,tv,7
19,short video,2
20,baroque,4
21,exactly,4
22,decided,2
23,classic,2
24,material,21
25,sculptural,4
26,impact,2
27,artist,45
28,hand,11
29,physical,15
30,reas,2
31,coverage,2
32,gray,2
33,collage engine,2
34,engine,3
35,collage,17
36,television,5
37,signal,6
38,noise,11
39,century,5
40,china,6
41,sculpture,31
42,academy,3
43,rapidly,4
44,plain,3
45,lettering,4
46,global market,1
47,digital frame,2
48,tale,3
49,toy,2
50,photogrammetry,6
51,casalegno,6
52,dimensional,14
53,animated,13
54,three,25
55,series presented,3
56,traditionally,5
57,presented three,3
58,mattia casalegno,4
59,real series,7
60,iran,18
61,behnam bakhtiar,18
62,behnam,18
63,bakhtiar,18
64,historical,25
65,real,44
66,work real series,7
67,work real,5
68,tapestry magnificent backdrop,2
69,seashell,1
70,pomegranate,2
71,morning,8
72,mirror,2
73,hirakawa,5
74,tokyo,5
75,woman,16
76,bed,3
77,noritoshi hirakawa photograph,5
78,hirakawa photograph,5
79,noritoshi hirakawa,4
80,noritoshi,4
81,winnipeg,2
82,mystery play,2
83,mystery,4
84,dawood,3
85,council,3
86,shezad dawood,2
87,shezad,2
88,chapter,1
89,vi,2
90,film,36
91,twin,4
92,staged,4
93,lion,4
94,meeting,4
95,bar,10
96,specific,4
97,narrative,11
98,man,14
99,moment,10
100,scene,7
101,place,12
102,transfiguration,3
103,viola,4
104,bill,4
105,complete,2
106,appearance,4
107,refers,3
108,person,15
109,word,5
110,well,15
111,music,24
112,water,40
113,illumination,5
114,depict,5
115,phrase,4
116,birth,5
117,five,7
118,represents,11
119,meditation,5
120,diamantides,5
121,narrative becoming,5
122,cyprus,7
123,pandelis diamantides,6
124,pandelis,5
125,source material,4
126,becoming,12
127,processed,8
128,room,5
129,whether,9
130,intimacy,8
131,light,48
132,looking,6
133,within,22
134,exit,4
135,naked,3
136,male,5
137,waiting,18
138,street,8
139,york,13
140,facing,2
141,shot,14
142,beijing,3
143,local,3
144,trip,4
145,filmed,4
146,single,11
147,random,8
148,camera,12
149,wooden,4
150,chen,5
151,chinese,11
152,common,9
153,countryside,5
154,family,10
155,road,11
156,society,25
157,installation,16
158,work,66
159,joy division,2
160,division,2
161,joy,7
162,closer,3
163,saville,2
164,order,11
165,album,10
166,edition,14
167,centre,4
168,field,12
169,twombly,2
170,evening,3
171,poem,9
172,viewer,23
173,nearly,6
174,greatest,2
175,cy,2
176,connecting,2
177,entirety,3
178,subtly,1
179,cause,3
180,experience,12
181,important,4
182,slow,3
183,flower,5
184,consuming,3
185,throughout history,1
186,probably,3
187,experience time,6
188,originates,6
189,mytheme,4
190,chung,5
191,sougwen chung,5
192,sougwen,5
193,mythical,5
194,abstract,34
195,altering,7
196,achieving,4
197,op,8
198,series explores,5
199,iranian,11
200,ali,5
201,iranian person,10
202,iranian people,10
203,sassan,10
204,tapestry,10
205,people,27
206,surround photograph artist,9
207,monaghan,3
208,alien,2
209,washington,4
210,jonathan,6
211,cultural,10
212,subject object,4
213,smooth,4
214,hyper real,2
215,dreamlike,4
216,refused,3
217,dance,18
218,venice,8
219,camp,3
220,remember,6
221,cathedral,6
222,opera,5
223,boat,4
224,mosul,5
225,archive,7
226,value,9
227,original,37
228,value aura,5
229,reveal challenge link,5
230,reveal challenge,5
231,preserve important,5
232,piece instead emphasize,5
233,original piece instead,4
234,freedom,5
235,figure,16
236,put,2
237,form,26
238,home,6
239,wind,6
240,game,5
241,central,3
242,lovid,14
243,silk,8
244,scarf,3
245,handmade,4
246,designed,8
247,art,68
248,video art,6
249,artwork,38
250,bosch,4
251,inscription,2
252,closed,5
253,emoji,7
254,triptych,4
255,done,7
256,garden,12
257,along,2
258,planet,10
259,relationship,12
260,create,32
261,chat,4
262,opinion,6
263,sell,7
264,peak,5
265,even though,6
266,accept,5
267,leave,7
268,space,48
269,evolutionary cosmos collection,6
270,evolutionary cosmos,6
271,cosmos collection,6
272,diversity,2
273,cosmos,8
274,space time,5
275,question nature,1
276,breaking,5
277,flux,6
278,evolutionary,5
279,rotation,5
280,anti,3
281,time,50
282,developed,6
283,sense,12
284,motion,29
285,organising,4
286,different,23
287,progressive,6
288,ordering,3
289,cinematic,8
290,continually,2
291,playing,5
292,produced,8
293,digital edition,4
294,gun,3
295,individual,6
296,resides,4
297,silhouetted,5
298,sharp,5
299,replaces,1
300,likely,4
301,facade,4
302,wondering,1
303,cityscape,4
304,visualises,6
305,kinetic,3
306,cube,2
307,work explores,2
308,concept,9
309,object,17
310,explores,18
311,based,20
312,project,26
313,commentary,3
314,series,57
315,audiovisual performance,5
316,atmospheric,5
317,audiovisual,11
318,overlap,4
319,festival,15
320,london,22
321,presented,3
322,performance,14
323,digitally,21
324,wilde,4
325,de wilde,4
326,energy,13
327,de,26
328,imagining,3
329,multi dimensional,3
330,gravitational,6
331,frederik de wilde,2
332,frederik de,2
333,alphabet,5
334,saint,4
335,without,17
336,wenders,20
337,country,5
338,access,5
339,wim wenders,5
340,wim,5
341,deal,2
342,clemente,6
343,someone rewrite love,6
344,someone rewrite,6
345,rewrite love,6
346,rewrite,6
347,must someone rewrite,6
348,must someone,6
349,someone,9
350,must,12
351,ipad,20
352,smith,2
353,powerful,2
354,political,8
355,former,2
356,core,2
357,letter,2
358,writer,3
359,issue,2
360,spectator,2
361,botanical,6
362,botany,4
363,artificial botany,4
364,plant,2
365,artificial,12
366,flow,26
367,power,13
368,haeckel,2
369,caught,5
370,botanical illustration,4
371,learning,7
372,collection,31
373,system called,3
374,botany collection,3
375,artificial botany collection,3
376,nonotak,6
377,appearing,3
378,modernity,1
379,created digital,3
380,clinically,2
381,architectonic,4
382,anadol,5
383,rather,1
384,singularity,3
385,ratio,2
386,digital painting series,1
387,ranging,2
388,computing,3
389,painting series,2
390,logic,5
391,transit,4
392,tim,3
393,state,13
394,contemporary society,2
395,society current,1
396,wait,6
397,stemming,1
398,germany,5
399,experiencing,6
400,magnum,30
401,sunday,5
402,career,5
403,photographic,32
404,photography,31
405,sedition,18
406,stuart,5
407,photography taken,6
408,extensive,4
409,plessas,11
410,pozas,5
411,auto,7
412,instagram,6
413,surrealist,7
414,iconography,6
415,mexico,11
416,iphone,6
417,called,9
418,know,12
419,red,13
420,dusk,6
421,sit,2
422,flaxton,21
423,watch,2
424,beautiful,19
425,lia,8
426,versus,3
427,interplay,3
428,monochromatic,5
429,equilibrium,3
430,opposing,2
431,occasionally,5
432,expanding,2
433,vienna,6
434,real life,5
435,christ,4
436,task,2
437,los angeles,8
438,angeles,8
439,los,7
440,later,2
441,resolution,5
442,could,18
443,set,22
444,cinemontage,2
445,rozendaal,6
446,bauhaus,1
447,yellow,6
448,theory,3
449,blue,15
450,movement,18
451,color,28
452,primary,5
453,regarding,5
454,wing,3
455,project series,4
456,orthodox,3
457,aes,5
458,right,10
459,absurdity,4
460,unable,1
461,emin,5
462,neon,11
463,intimate,4
464,honest,3
465,wide range,6
466,vulnerability,3
467,tracey emin,6
468,tracey,5
469,thought provoking,3
470,painting drawing,4
471,history,5
472,become,14
473,reflection,15
474,often,9
475,animation,28
476,warhol,4
477,stop motion animation,1
478,stop motion,5
479,solution,2
480,total,4
481,night,24
482,white,17
483,nothingness,2
484,maintained,5
485,presented part,5
486,hover,5
487,ephemeral nature,3
488,viewer imagination,4
489,lonely,7
490,analog,13
491,haptechxs collection,4
492,made digitally,4
493,haptechxs,10
494,big,10
495,wave,9
496,simulating,5
497,made,33
498,orridge,1
499,psychic,5
500,lady,3
501,visit,2
502,museum,5
503,including,3
504,traffic,5
505,jane,3
506,kinetic sculpture,3
507,hum,5
508,electric,6
509,steel,4
510,black,29
511,repulsion,4
512,involving,2
513,involves,3
514,dog,8
515,historic,2
516,evokes,3
517,absorbing,5
518,gave,4
519,returning,5
520,work title,1
521,describing,2
522,queen,4
523,locke,4
524,co,2
525,plastic,8
526,head,9
527,war,8
528,monarchy,3
529,liu,3
530,blink,3
531,sometimes,10
532,recognise,4
533,lake,6
534,getting,6
535,footage,12
536,hour,5
537,novak,6
538,audio,13
539,period,1
540,audio visual installation,4
541,sound,39
542,visual installation,5
543,melancholic,3
544,lee,6
545,lee nam,4
546,lee lee nam,4
547,lee lee,4
548,nam,4
549,book,7
550,time space,4
551,dialogue,5
552,side,11
553,organ,2
554,isolated,4
555,brain,11
556,entirely,14
557,rendered,11
558,frame,20
559,around,14
560,haudressy,3
561,host,2
562,working,15
563,started working,3
564,grant,1
565,internationally,2
566,collishaw,9
567,exhibition,14
568,vr,3
569,faith,1
570,digital image,4
571,corruption,4
572,past,8
573,image,44
574,duchamp,5
575,roulette,3
576,bond,2
577,bubble,8
578,monte carlo,3
579,monte,3
580,carlo,3
581,face,7
582,man ray,2
583,illustrated,4
584,wetware,3
585,feedback,9
586,sodeoka,7
587,wetware collection,3
588,self organising,3
589,video feedback,4
590,yoshi sodeoka,4
591,yoshi,3
592,conventional,6
593,vignette,1
594,bosch garden earthly,4
595,bosch garden,4
596,visual culture,6
597,screened,2
598,consist,3
599,becomes source,1
600,pleasure,2
601,destruction,4
602,act,12
603,becomes,8
604,source,9
605,aesthetic,2
606,forbidden,4
607,sensibility,4
608,dangerous,4
609,beneath surface,6
610,victorian,6
611,flickering,4
612,seduction,4
613,clemo,9
614,philip clemo,8
615,philip,8
616,frame collection,8
617,balloon,2
618,work released part,5
619,vision research phantom,3
620,vision research,3
621,rain,7
622,interior,7
623,much,25
624,onto,5
625,donata wenders,6
626,donata,6
627,endeavour,2
628,exterior,4
629,enveloping,6
630,mesmerizing,4
631,label,1
632,iridescent,1
633,magnification,1
634,digital representation,3
635,crystalline,2
636,viewer gaze,2
637,carnival,4
638,ancient,11
639,ride,3
640,popular,4
641,need,6
642,old,15
643,matter,14
644,renewed,2
645,julien,3
646,union,5
647,western,5
648,turner,5
649,multimedia,5
650,africa,5
651,nominated,2
652,multi screen,3
653,relates,3
654,draw,1
655,willing,2
656,write,2
657,medieval,4
658,fountain,5
659,pencil,4
660,wonder,3
661,ghost,4
662,stone,5
663,chamber,2
664,celestial,6
665,section,3
666,print,13
667,surface,18
668,dream,10
669,tour,3
670,dreamspace,5
671,curated sophie kahn,4
672,curated sophie,3
673,sophie kahn,4
674,sophie,4
675,kahn,4
676,unusual,4
677,collection three,3
678,applying,3
679,series project,3
680,distortion,4
681,continuation,3
682,collaborative,6
683,compression,9
684,manipulation,15
685,ongoing,5
686,city,33
687,dead,6
688,living,7
689,many,25
690,housing,4
691,inner city,2
692,equally,3
693,dense,4
694,learn,7
695,amidst,5
696,impressionist,5
697,still life,8
698,post,16
699,vision,9
700,still,26
701,shock,2
702,paradigm,3
703,photography first,1
704,gate,4
705,sanctuary,3
706,film installation,2
707,twenty,5
708,installation created,6
709,work many,1
710,stereo,7
711,foot high,1
712,colbert,3
713,materiality,2
714,visible,4
715,unique,22
716,time image,2
717,freeze,4
718,choreographic,5
719,alfred,5
720,dawn,6
721,feeling,5
722,train,3
723,pale,5
724,brian alfred,3
725,brian,5
726,influence,3
727,formula,4
728,work made,4
729,work sedition,2
730,civilization,1
731,heaven,7
732,hell,4
733,marco,3
734,hollywood,2
735,familiar unfamiliar,6
736,appropriated,6
737,entertainment,5
738,elaborate,6
739,unfamiliar,6
740,clock,2
741,actual,3
742,collection curated,2
743,absurd,6
744,vu,4
745,critique,4
746,arm,1
747,without ever,3
748,leap,3
749,zoniel,5
750,hugo zoniel,5
751,hugo,5
752,walter hugo zoniel,5
753,walter hugo,5
754,jellyfish,8
755,walter,1
756,liverpool,11
757,fish,10
758,cloud,5
759,zeitguised,3
760,ii,7
761,drawing,16
762,uncertain,3
763,failure,4
764,engineer,1
765,merging,5
766,candy,6
767,explosion,3
768,pop,18
769,micro macro,4
770,presented sedition,5
771,first work,5
772,realised,3
773,story,8
774,yet,15
775,surprise,4
776,perpetually,2
777,virtual,29
778,suggested,4
779,composition,24
780,loop duration,5
781,analogy,3
782,allowing viewer,1
783,locher,5
784,fixed,3
785,abstracted,3
786,structure,5
787,body water,5
788,anatomy,3
789,translucent,7
790,ritual,2
791,lantern,4
792,simultaneously,2
793,flex,2
794,thomas huang,2
795,choe,6
796,butterfly,6
797,david choe,6
798,self portrait,6
799,david,14
800,soul,17
801,title,13
802,self,34
803,portrait,14
804,release,5
805,fact,4
806,quartet,4
807,idea self,3
808,survive,3
809,tie,1
810,doubt,4
811,sanborn,8
812,prosomiosis,4
813,papamargariti,4
814,fiction,7
815,simulation,7
816,found,17
817,natural,16
818,reality,37
819,swimming,4
820,motion capture,9
821,open source,3
822,capture,11
823,open,9
824,data,35
825,fly,7
826,glass,13
827,crane,1
828,slightly,2
829,tender,3
830,image artist,2
831,stick,2
832,thin,4
833,reverse,4
834,conflicting,3
835,dissonance,7
836,pastel,5
837,manipulate,4
838,sedition brings exclusive,3
839,exclusive limited edition,3
840,exclusive limited,3
841,brings exclusive limited,2
842,brings exclusive,1
843,crystal,2
844,visuals made digitally,3
845,portraiture,5
846,contemporary identity,4
847,concept contemporary identity,4
848,concept contemporary,1
849,identity,13
850,second collection audio,7
851,collection audio visual,7
852,collection audio,7
853,artist second collection,7
854,released philip clemo,8
855,released philip,8
856,record natural,8
857,philip clemo part,8
858,part frame artist,7
859,tunnel,3
860,graffiti,3
861,wall,5
862,organization,4
863,established,5
864,photograph,22
865,public,11
866,reactionbubble public space,4
867,reactionbubble public,4
868,reactionbubble,4
869,public space,5
870,laser,7
871,wood,7
872,stop,5
873,surround photograph,7
874,continent,2
875,dark,8
876,freud,4
877,consumer,2
878,architecture,8
879,virgin,4
880,logo,2
881,colonial,1
882,foster,7
883,eruption,3
884,volcanic,2
885,textural,6
886,subsequent,3
887,big bang,4
888,bang,4
889,deep,12
890,tampon lajarriette,8
891,tampon,8
892,lajarriette,8
893,studio,10
894,marion tampon lajarriette,3
895,marion tampon,3
896,marion,2
897,pole,3
898,fairey,4
899,skull,6
900,culture,19
901,day,19
902,de los,2
903,tongue,5
904,fitting,3
905,design,13
906,generative,37
907,shape,9
908,convex,5
909,encompassed,4
910,unlimited,6
911,hardware,3
912,respect,3
913,contemporary artist,2
914,classical,3
915,various,14
916,rarely,4
917,palm,4
918,heidi locher,3
919,heidi,3
920,building,16
921,architectural,2
922,horse,7
923,greenberg,5
924,fur,2
925,expression,6
926,jill greenberg,5
927,jill,5
928,distinctive,5
929,highlighted,1
930,attracted,5
931,dragon,6
932,resembling,3
933,strip,5
934,los angeles california,4
935,image used,2
936,angeles california,4
937,mcleod,1
938,conclusion,5
939,intentionally,4
940,audience,3
941,appears,9
942,alex,4
943,pathway,2
944,image upon,1
945,newer,2
946,work form,1
947,empathy,2
948,emotional,6
949,dreamscape,4
950,use,15
951,present viewer,1
952,blossom,7
953,drive,2
954,blank,5
955,primarily,1
956,canada,6
957,humanity,3
958,titled,2
959,body,24
960,together form,4
961,first exhibited,4
962,positioning,1
963,polished,3
964,droplet,4
965,consumerism,1
966,perpetual,5
967,consumption,4
968,relieved,5
969,transfer,4
970,gannis,4
971,imagery,8
972,earthly,4
973,changed,5
974,carla gannis,4
975,carla,4
976,echo,4
977,animal,3
978,emma,3
979,elliott,3
980,harmonious,6
981,peaceful,4
982,buddhist,6
983,symbiotic,1
984,reproduce,3
985,destructive,2
986,toki,4
987,surreal quality,4
988,scroll,2
989,panel,2
990,read,2
991,communication,5
992,left,7
993,precious,4
994,south,5
995,golden,8
996,gold,9
997,el,8
998,look,11
999,pulsating,6
1000,luminous,3
1001,webster,7
1002,tim noble sue,6
1003,tim noble,6
1004,tall,6
1005,sue webster,5
1006,benney,7
1007,sawhney,7
1008,round,6
1009,paul benney,1
1010,nitin sawhney,7
1011,nitin,7
1012,existential,3
1013,unexpected,4
1014,us,42
1015,zhestkov,3
1016,trial,5
1017,maxim,3
1018,governed,4
1019,nature,32
1020,demonstrates,2
1021,brings together,2
1022,transient,3
1023,global,3
1024,marble,3
1025,carved,5
1026,empire,4
1027,mouth,4
1028,sexual,2
1029,breath,5
1030,increasing,6
1031,video loop,2
1032,sexuality,2
1033,thousand,3
1034,ten,12
1035,screen,17
1036,associated different,5
1037,everything,10
1038,first part,1
1039,interact,3
1040,freely,3
1041,entire,4
1042,shop,4
1043,solitude,3
1044,deserted,5
1045,heightens,2
1046,texas,7
1047,afternoon,5
1048,entrance,5
1049,change,12
1050,preparing,5
1051,struck,5
1052,none,5
1053,three dimensional,5
1054,resulting,1
1055,perception,26
1056,system,13
1057,generation,6
1058,louise,5
1059,unwritten,6
1060,literature,5
1061,creation,9
1062,life,32
1063,spread,3
1064,necessary,2
1065,consequently,4
1066,process,25
1067,referring,2
1068,develop,3
1069,subjective,3
1070,accompanies,2
1071,fortune,2
1072,cascade,6
1073,techno,2
1074,figuratively,2
1075,john sanborn,7
1076,john,9
1077,ass,3
1078,listen,3
1079,eve,5
1080,assistant,4
1081,director,4
1082,un holy trinity,3
1083,un holy,3
1084,trinity,3
1085,technicolor,3
1086,salome,2
1087,lilith,3
1088,laura jean healey,2
1089,ink painting,2
1090,ink,18
1091,leung,6
1092,painting,41
1093,desmond leung,3
1094,desmond,3
1095,image creating,2
1096,fruit,3
1097,obtained,4
1098,flashing,2
1099,transcending,2
1100,hulusi,4
1101,extinction,4
1102,bliss,4
1103,tulip,1
1104,received,3
1105,composer,2
1106,size,12
1107,backdrop,1
1108,black white,6
1109,sophisticated,3
1110,plessas work,4
1111,record,6
1112,software,24
1113,fall,6
1114,waterfall,5
1115,operator philip clemo,3
1116,operator philip,3
1117,scanner,6
1118,forward,2
1119,falling,6
1120,video shot,4
1121,inviting,3
1122,actor,3
1123,per,3
1124,hovering,4
1125,false,3
1126,hotel,5
1127,known,6
1128,make,8
1129,louise wilson,3
1130,used,12
1131,wilson,5
1132,titchner,5
1133,incorporates,2
1134,raising,3
1135,mark titchner,4
1136,work often,2
1137,unit,6
1138,receive,2
1139,sunset,9
1140,couple,5
1141,river,10
1142,knife,1
1143,cutting,2
1144,held,4
1145,suspended,3
1146,wheel,3
1147,speak,6
1148,quiet,9
1149,unlike,4
1150,passed,8
1151,lived,5
1152,infinity,7
1153,film festival,4
1154,switzerland,3
1155,image digital,2
1156,appeared,3
1157,biennale,5
1158,montreal,2
1159,underground,2
1160,flame,9
1161,dancer,5
1162,spanish,4
1163,slowed,5
1164,sheer,5
1165,textured,4
1166,pitch,2
1167,dramatic,1
1168,clean,4
1169,francesco,2
1170,symmetrical,3
1171,residency,3
1172,spectacle,4
1173,base,3
1174,evolve,6
1175,digital painting,9
1176,slowly,3
1177,double,3
1178,manhattan,4
1179,conjunction,1
1180,busy,4
1181,north,5
1182,flesh nest,5
1183,nest,5
1184,flesh,6
1185,nine,6
1186,tangled,7
1187,apocalyptic,5
1188,huang,5
1189,reflect life,1
1190,america,3
1191,reflect,7
1192,visualization,6
1193,traveled,3
1194,lewis,5
1195,mark lewis,3
1196,beach,16
1197,mark,4
1198,tracking,5
1199,methodology,1
1200,london uk,2
1201,computer code,3
1202,colour palette,3
1203,work generative,2
1204,translates,6
1205,reinterpretation,2
1206,magnetic,5
1207,generative art,9
1208,painting digital,3
1209,digital processing,6
1210,programmed,5
1211,custom built,5
1212,generative artwork,6
1213,original painting,2
1214,fluid,9
1215,death,8
1216,directly,3
1217,pulled,4
1218,tension,2
1219,alive,8
1220,move,9
1221,visuals generated,3
1222,accompanying sound,3
1223,fight,3
1224,insect,8
1225,biological,2
1226,video work,1
1227,part,22
1228,english,2
1229,wang,3
1230,follow,12
1231,however,5
1232,million,1
1233,economic,10
1234,sensual,10
1235,scan,4
1236,future,17
1237,series including,5
1238,part larger,5
1239,object part,6
1240,larger series,6
1241,gallery paris,6
1242,series four,5
1243,speculative sensual vision,4
1244,speculative sensual,4
1245,sensual vision,4
1246,sensual perception synaesthetic,4
1247,sensual perception,4
1248,perception synaesthetic,4
1249,generated speculative sensual,4
1250,generated speculative,4
1251,forever,5
1252,bus,4
1253,urban surroundings,1
1254,fusing,5
1255,work originally,3
1256,thus,3
1257,multiverse,7
1258,capable,2
1259,key,5
1260,fate,4
1261,array,2
1262,doug foster,3
1263,doug,3
1264,british artist,2
1265,roman,5
1266,inevitable,2
1267,quarry,2
1268,symbolism,3
1269,factory,3
1270,futurism,4
1271,ugly,2
1272,forgotten,5
1273,fragment,2
1274,mapping,5
1275,site specific,1
1276,site,3
1277,projection,2
1278,moving,19
1279,visual perception,5
1280,non representational,6
1281,collection part,3
1282,affecting,5
1283,part ongoing research,3
1284,light colour,6
1285,cafe,3
1286,kalvar,4
1287,stock,5
1288,partnership,16
1289,end,6
1290,aftermath,6
1291,arc,3
1292,frenetic,3
1293,yearlong partnership magnum,3
1294,yearlong partnership,2
1295,yearlong,1
1296,showcasing celebrating work,1
1297,showcasing celebrating,1
1298,silhouette,3
1299,paris,14
1300,capital,3
1301,richard,6
1302,ready,7
1303,fashion,8
1304,catwalk,3
1305,shoe,2
1306,insight,1
1307,crowd,3
1308,putting,4
1309,metropolis,2
1310,assembling,2
1311,sits,3
1312,loneliness,2
1313,house,4
1314,opened,2
1315,eiffel tower,4
1316,eiffel,5
1317,tower,4
1318,iconic,11
1319,parr,4
1320,candid,4
1321,spin,6
1322,dome,5
1323,icon,5
1324,la,12
1325,competition,5
1326,marlow,3
1327,dating,5
1328,anyone,5
1329,pedestrian,2
1330,lighting,6
1331,showcasing,1
1332,engineering,1
1333,renowned,5
1334,red white,2
1335,mr,4
1336,matthew biederman,3
1337,biederman,4
1338,chosen,4
1339,audiovisual work released,1
1340,day night,8
1341,third,7
1342,display,4
1343,canyon,2
1344,mode,6
1345,shore,3
1346,full,13
1347,computer,24
1348,professional,2
1349,computer generated imagery,6
1350,generated imagery,6
1351,commercial,5
1352,advertising,4
1353,overlaid,3
1354,autonomous,5
1355,released lovid,6
1356,part haptechxs,6
1357,collaging,7
1358,released,7
1359,view collection,5
1360,iceland,4
1361,generated,39
1362,joan,3
1363,multiplicity,3
1364,animated video,3
1365,algorithmically generated,2
1366,interacting,5
1367,generated image,3
1368,feminine,3
1369,female,7
1370,violet,4
1371,captivating image,1
1372,amplifying,2
1373,girl,11
1374,fini,3
1375,francesca,1
1376,noble,3
1377,finger,4
1378,dark light,4
1379,cartoon like,2
1380,work based,4
1381,sense time,4
1382,concerned,4
1383,beholder,6
1384,bold,4
1385,intention,4
1386,formal,2
1387,sedition celebration,3
1388,world renowned photography,1
1389,world renowned,1
1390,work included part,1
1391,work included,2
1392,sedition part international,1
1393,campaign,2
1394,peter,3
1395,poetry,7
1396,national,3
1397,photographed,7
1398,international,6
1399,group,5
1400,seems,5
1401,suffering,5
1402,scream,3
1403,degradation,5
1404,suddenly,4
1405,constantly,4
1406,eye,11
1407,complex,4
1408,colour,24
1409,unfold,3
1410,promise,3
1411,top,5
1412,network,5
1413,symbolizes,6
1414,fictitious,3
1415,acquired,4
1416,heart,15
1417,attack,2
1418,partly,3
1419,unknown,9
1420,launched,3
1421,violent,1
1422,slow motion,3
1423,forth,9
1424,heat,5
1425,bainbridge,5
1426,dance heat,1
1427,heat dance,5
1428,benton bainbridge,5
1429,benton,2
1430,thermal,2
1431,hot,5
1432,observing,7
1433,cave,4
1434,darkness,15
1435,jagunov,4
1436,came,2
1437,like,21
1438,develops,4
1439,rgb,6
1440,artifact,1
1441,synthesis,3
1442,spectrum,2
1443,analogue,3
1444,transformation,3
1445,hue,1
1446,homo economicus,3
1447,homo,3
1448,economicus,3
1449,narration,4
1450,financial,3
1451,men,10
1452,corporate,5
1453,character,5
1454,walking,4
1455,mythology,1
1456,remixed,8
1457,hope,8
1458,today,15
1459,poverty,5
1460,delicate,5
1461,asking,5
1462,michelle,10
1463,introspection,4
1464,climate change,8
1465,biennial,3
1466,way,19
1467,way series,11
1468,old iran unveils,6
1469,iran unveils modernity,6
1470,creating,6
1471,cheung,4
1472,god,8
1473,abstraction,4
1474,hunter,2
1475,hyperschwarm,9
1476,flow across,18
1477,across,22
1478,canvas,47
1479,nicolas fischer hyperschwarm,9
1480,hyperschwarm series triple,9
1481,love,22
1482,instantly,1
1483,emblematic,2
1484,conceptually,3
1485,work examines,5
1486,ny,5
1487,everywhere,4
1488,loved,7
1489,believe,2
1490,anymore,7
1491,apartment,5
1492,followed,3
1493,think,11
1494,come,6
1495,british,2
1496,sea,15
1497,yba,3
1498,powerfully,6
1499,well known,4
1500,engages,1
1501,limited edition,4
1502,limited,8
1503,spell,4
1504,distinction,6
1505,far,8
1506,electronic,9
1507,accident,5
1508,planned,4
1509,electronic music,5
1510,second,2
1511,minute,3
1512,resonant,4
1513,eastern,1
1514,conveys,3
1515,plate,3
1516,problem,3
1517,making work,2
1518,sand,8
1519,photographer,6
1520,shoot,6
1521,temporary,2
1522,imagine,10
1523,everyday,4
1524,village,2
1525,work produced,3
1526,digital limited edition,1
1527,digital limited,1
1528,carrying,2
1529,command,1
1530,team,1
1531,infinite,9
1532,frame artist second,2
1533,insecticide,6
1534,work collishaw,6
1535,work act death,6
1536,wall microscopic detail,6
1537,wall microscopic,6
1538,violence produce quite,6
1539,diamond,1
1540,inside,9
1541,interpretation,4
1542,combine,7
1543,instruction,2
1544,systematic,5
1545,refracted,5
1546,enough,6
1547,prism,6
1548,intangible,10
1549,study,8
1550,study made,2
1551,physical sculpture,2
1552,rotate,5
1553,spherical,7
1554,retrospective,8
1555,exploring,11
1556,part intangible retrospective,6
1557,intangible retrospective collection,6
1558,intangible retrospective,6
1559,time available exclusively,7
1560,iii,3
1561,time available,2
1562,theme exploring different,2
1563,theme exploring,2
1564,interference,7
1565,frequency,3
1566,sonic,6
1567,circular motion,2
1568,visual,28
1569,repeatedly,3
1570,slideshow,3
1571,temple,5
1572,chance,3
1573,online,10
1574,intersection,2
1575,asks,2
1576,radiant,5
1577,consider,6
1578,gaze,2
1579,repetition work,5
1580,renewal,3
1581,collection four video,3
1582,collection four,3
1583,backwards,2
1584,manchester,5
1585,cheek,4
1586,mosaic,4
1587,visually,6
1588,particle,8
1589,sequential,2
1590,encompassing,2
1591,planetary,8
1592,atom,1
1593,rotates,1
1594,roff,8
1595,work possible seamlessly,5
1596,work possible,5
1597,unnoticeable infinite continuous,4
1598,unnoticeable infinite,4
1599,unnoticeable,3
1600,seamlessly repeat image,2
1601,seamlessly repeat,2
1602,repeat image creating,2
1603,repeat image,2
1604,masculine,4
1605,gender,2
1606,strong,6
1607,occupy,5
1608,paradoxical,2
1609,fund,1
1610,winning,4
1611,money,5
1612,testing,1
1613,strength,4
1614,traditional,2
1615,ran,3
1616,stylised,3
1617,highly,2
1618,sacrificial,5
1619,controversy,1
1620,netherlands,3
1621,planetary scale,5
1622,kepler,6
1623,scale,12
1624,harmony,7
1625,viewer sense perspective,5
1626,fu,2
1627,childhood,5
1628,environment,9
1629,virtual reality,1
1630,rock,3
1631,technological,3
1632,equipment,2
1633,wrong,5
1634,something,21
1635,un,10
1636,making,6
1637,town,5
1638,italian,7
1639,knowledge,4
1640,mattia,3
1641,audiovisual artwork,3
1642,scale site specific,1
1643,india,5
1644,health,7
1645,crown,3
1646,indian,7
1647,fought,3
1648,mimicking,4
1649,guard,3
1650,shard,2
1651,revolution,3
1652,obscured,2
1653,spirituality,4
1654,succession,2
1655,positively,5
1656,istanbul,4
1657,took,5
1658,hd,4
1659,shonibare,1
1660,last supper,3
1661,supper,4
1662,last,5
1663,party,5
1664,half,4
1665,going,10
1666,depicted,1
1667,ice,8
1668,sound image,4
1669,landmass,1
1670,visual sonic,4
1671,inanimate,2
1672,underwater,4
1673,evocative,2
1674,handed,3
1675,idea beauty,3
1676,beauty,29
1677,idea,12
1678,craig,2
1679,ordinary,3
1680,martin,3
1681,utilise,3
1682,minimal,1
1683,infinitely,4
1684,demonised,1
1685,defiance,2
1686,adam,3
1687,audiovisual installation,4
1688,generates,1
1689,work derived,2
1690,collection work,2
1691,real time,14
1692,derived,2
1693,creates,3
1694,liminal,2
1695,transcendent,1
1696,importantly,1
1697,perceptual,5
1698,norman,2
1699,description,3
1700,world around,3
1701,piece inspired,6
1702,human body,3
1703,describes,2
1704,celebrates,1
1705,mira calix,3
1706,mira,3
1707,calix,3
1708,live,14
1709,quayola,3
1710,music mira calix,3
1711,music mira,3
1712,improvisation,4
1713,performance music,8
1714,made software,8
1715,notice,3
1716,depicting,6
1717,market,1
1718,behind,7
1719,newman,3
1720,business,4
1721,district,1
1722,activity,5
1723,modern,8
1724,rare,5
1725,st,4
1726,mary,5
1727,period time,4
1728,church,2
1729,hale,4
1730,lone,5
1731,hale work,4
1732,ryan,5
1733,connection,4
1734,ever,7
1735,schockmel,3
1736,portal,6
1737,depth,5
1738,appear,6
1739,another,13
1740,point,11
1741,lost,6
1742,fang lu,2
1743,fang,2
1744,lu,3
1745,social,17
1746,bend,3
1747,series created,2
1748,written,8
1749,entitled,1
1750,west,7
1751,depicts,3
1752,small,11
1753,body work,1
1754,abyss,4
1755,broadcast,1
1756,challenging,1
1757,rotating,4
1758,really,9
1759,want,7
1760,artist working,1
1761,coloured,6
1762,space appear,1
1763,work seems,1
1764,space like,3
1765,mesh,4
1766,reconstructed,5
1767,permeates,5
1768,machine,3
1769,robot,4
1770,cycle,10
1771,human,24
1772,student,1
1773,balancing,5
1774,trend,3
1775,predict,5
1776,metal,7
1777,park,7
1778,available,8
1779,artist practice,2
1780,synchrotron,1
1781,trap,3
1782,beam,4
1783,australian,4
1784,melbourne,4
1785,displacement,6
1786,australia,5
1787,measure,1
1788,mandala,6
1789,sinister,5
1790,miami,7
1791,art fair,4
1792,expands,2
1793,fair,3
1794,around central,1
1795,possible,8
1796,quantum,10
1797,physicist,1
1798,searching,5
1799,iteration,2
1800,front,4
1801,geometric,7
1802,effect,10
1803,burridge,5
1804,mass,4
1805,emily burridge,3
1806,emily,5
1807,nice,5
1808,service,3
1809,july,7
1810,painterly,3
1811,melting,6
1812,flowing,6
1813,echoing,4
1814,berlin,6
1815,onformative,4
1816,google,5
1817,rhythmic,2
1818,inherent,3
1819,megaschwarm,9
1820,nicolas fischer megaschwarm,9
1821,megaschwarm series triple,9
1822,megavoid,9
1823,within software,9
1824,use generative system,9
1825,use generative,9
1826,uhd resolution megavoid,8
1827,fourth,3
1828,decay,6
1829,ageing,6
1830,created video,4
1831,created custom,5
1832,cognitive,7
1833,piece part,5
1834,disappearance,1
1835,metafold,2
1836,higher dimensional,3
1837,higher,5
1838,physical digital,3
1839,mask,5
1840,taken,17
1841,san,3
1842,political social,5
1843,micro,3
1844,macro,7
1845,laboratory,1
1846,light space,4
1847,sensitive,5
1848,olivier,4
1849,every,10
1850,painter,4
1851,category,2
1852,cumulative,5
1853,richter,2
1854,cellular,1
1855,microscopic,1
1856,scientist,1
1857,recreated,3
1858,nobel prize,1
1859,mundane,4
1860,intrinsic,1
1861,exclusively sedition work,1
1862,bust,1
1863,mystic,5
1864,contemporary technology,2
1865,non linear,2
1866,shadow,10
1867,projected onto,4
1868,garden earthly,2
1869,transmission,3
1870,urgent,2
1871,horizontal,6
1872,counter,1
1873,modern life,2
1874,coded,6
1875,life form,1
1876,moon,10
1877,profound,4
1878,earth,13
1879,distorts,3
1880,instrumental,1
1881,indeed,6
1882,together,11
1883,picasso,6
1884,african,3
1885,catalyst,3
1886,excerpt,2
1887,bringing,2
1888,conversation,4
1889,group exhibition,3
1890,superman,1
1891,movie,4
1892,term,2
1893,meaning,15
1894,mutated,1
1895,drew,1
1896,print series,6
1897,brother,2
1898,persepolis,5
1899,soldier,3
1900,favourite,2
1901,way part sassan,2
1902,part magnum,5
1903,award,2
1904,throughout,5
1905,prestigious,2
1906,worldwide,2
1907,inspired greek mythological,1
1908,inspired greek,1
1909,greek mythological,1
1910,explores different,2
1911,mythological,3
1912,illustrator,3
1913,minimalist,6
1914,sound aldeburgh music,3
1915,sound aldeburgh,3
1916,oliver coates,3
1917,faster sound aldeburgh,3
1918,faster sound,3
1919,commissioned faster sound,3
1920,commissioned faster,3
1921,coates,3
1922,aldeburgh music,3
1923,aldeburgh,3
1924,warmth,5
1925,psyche,6
1926,oscillating,2
1927,haunting,1
1928,liberty,2
1929,statue,4
1930,excitement,1
1931,bad,5
1932,oppression,1
1933,destroy,4
1934,attempting,5
1935,dutch,3
1936,golden age,3
1937,age,6
1938,power corruption,3
1939,first economic,3
1940,dutch golden age,3
1941,sky,14
1942,der,3
1943,purple,4
1944,green,6
1945,switching,2
1946,distort,3
1947,calming,2
1948,across screen,1
1949,present,6
1950,noble sue webster,2
1951,found nature,6
1952,similarly,2
1953,continuity,1
1954,gallery,13
1955,horror,3
1956,climate,5
1957,explores relationship,5
1958,first solo,3
1959,affected,3
1960,collective,5
1961,online sculpture,3
1962,normae series,3
1963,normae,3
1964,collective online sculpture,3
1965,collective online,3
1966,remains,7
1967,separated,3
1968,resulting image,1
1969,internal,3
1970,presence,11
1971,revelation,4
1972,nucleus,2
1973,soundscape,6
1974,examine,4
1975,protagonist,2
1976,beat,3
1977,shell,3
1978,nude,4
1979,mondrian,5
1980,playfully,6
1981,explains,2
1982,animated digital,3
1983,mathematical,6
1984,air,18
1985,optic,4
1986,philosopher,3
1987,biomedical,4
1988,numi,4
1989,medical,7
1990,built,7
1991,custom,9
1992,ocean,6
1993,production,7
1994,changing,9
1995,part series exploring,4
1996,arbitrary,1
1997,vinci,4
1998,enzo roff,1
1999,enzo,1
2000,da vinci,4
2001,roff work,3
2002,loop,12
2003,work piece,3
2004,parallel,1
2005,highest,4
2006,avoid,5
2007,tangible,6
2008,psychological,2
2009,gravity,5
2010,performed,2
2011,strangely,4
2012,volume,3
2013,integral,1
2014,accompanying soundtrack,1
2015,despite,5
2016,wearing,3
2017,visual language,1
2018,surreal,5
2019,soil,4
2020,kaleidoscopic,5
2021,collaborator,2
2022,piece composed,1
2023,long time,6
2024,hundred,1
2025,argote,2
2026,flag,2
2027,york city,7
2028,direction,6
2029,background,12
2030,holzer,3
2031,awareness,3
2032,led,2
2033,desire,4
2034,ask,5
2035,trouble,6
2036,inspiration,1
2037,see,15
2038,strange,4
2039,theatre,4
2040,empty,6
2041,investigates,3
2042,gift,1
2043,credit,1
2044,website,3
2045,illustration,8
2046,practice,5
2047,simple,13
2048,opening,6
2049,internet,15
2050,venice biennale,3
2051,founder,3
2052,closing,5
2053,hart,6
2054,loss,7
2055,futuristic,4
2056,world digital,5
2057,claudia hart,3
2058,art film,2
2059,colourful,10
2060,experimental,7
2061,condition,3
2062,within work,5
2063,repetitive,2
2064,recurring,4
2065,psychedelic,6
2066,chain,2
2067,mountain,2
2068,erosion,4
2069,weaving,5
2070,go back hiding,1
2071,back hiding,1
2072,go back,2
2073,hiding,2
2074,bomb,3
2075,test,1
2076,ness,4
2077,lab,1
2078,might,5
2079,gallery london,3
2080,bare,3
2081,writing,2
2082,ability,7
2083,heard,2
2084,vacuum,2
2085,pierce,3
2086,mapped onto,1
2087,abundance,3
2088,script,2
2089,mapped,1
2090,dust,5
2091,peace,9
2092,american,5
2093,creating work,4
2094,tip,4
2095,popular culture,6
2096,abroad,1
2097,phantom,1
2098,middle,6
2099,leaving,3
2100,ultimate,7
2101,expressive,2
2102,whole,6
2103,pink,6
2104,ripple,3
2105,white noise,5
2106,mutating,2
2107,vivid,2
2108,striking,2
2109,pio,1
2110,blood,3
2111,organism,2
2112,personal,7
2113,smartphone,4
2114,plasma,2
2115,possibly,3
2116,removed,4
2117,frederik,2
2118,partially,3
2119,visuals sound,1
2120,understood,4
2121,swirling,3
2122,manifest,4
2123,stream,1
2124,use digital,5
2125,tube,3
2126,scale installation,1
2127,amongst,2
2128,illustrates,1
2129,digital space,3
2130,bring together,1
2131,piece work,1
2132,grown,2
2133,retro,1
2134,stark,2
2135,angelo plessas,1
2136,angelo,1
2137,athens,1
2138,viewing,5
2139,score,5
2140,ball,5
2141,early,2
2142,nowadays,2
2143,pelletier,7
2144,parametric,9
2145,vast chasm uncanny,6
2146,vast chasm,6
2147,ultimately distorted,6
2148,transferred manipulated ultimately,6
2149,transferred manipulated,6
2150,stare,4
2151,youth,4
2152,subject,7
2153,covered,5
2154,would,8
2155,tableau,3
2156,stationary,5
2157,series still,1
2158,goal,4
2159,bit,5
2160,little,9
2161,towards,7
2162,dancing,4
2163,wear,6
2164,significant,5
2165,text,8
2166,information,11
2167,compose,1
2168,particular,4
2169,energetic,3
2170,tiger,7
2171,interpret,3
2172,pound,2
2173,fascinating,3
2174,textile,1
2175,characterize,1
2176,magical,6
2177,best known,1
2178,elmgreen dragset,3
2179,elmgreen,3
2180,dragset,3
2181,bronze,4
2182,status,1
2183,since,3
2184,sunlight,6
2185,link art,2
2186,engage,6
2187,recording,8
2188,utilising,3
2189,elsewhere,4
2190,inspiring,1
2191,compositional,2
2192,dedicated,3
2193,season,4
2194,pyke,2
2195,universal everything,4
2196,figurative,3
2197,balance,3
2198,universal,3
2199,captured,10
2200,singing,3
2201,location,6
2202,combined,9
2203,trust,3
2204,tribe,3
2205,work found,3
2206,representation nature,3
2207,surveillance,7
2208,sentiment,4
2209,together merge,1
2210,neural,2
2211,earlier,7
2212,mental,3
2213,october,9
2214,merge,4
2215,collision,2
2216,observation,2
2217,reimagining,3
2218,create abstract,5
2219,quantum flux,2
2220,quantum computer,3
2221,computation,4
2222,security,4
2223,privacy,5
2224,part collection,2
2225,tint,5
2226,phase,1
2227,herman,1
2228,sound radiant,1
2229,radiant sound,1
2230,radiant light,1
2231,sound radiant light,1
2232,sonus et lux,1
2233,sonus et,1
2234,sonus,1
2235,simulated,5
2236,thinking,4
2237,repose,4
2238,liminal space,3
2239,timeline,4
2240,imagined,5
2241,already,5
2242,rendering,7
2243,seen,11
2244,upwards,3
2245,net,2
2246,reading,3
2247,art piece,3
2248,retrieved,4
2249,distributed,6
2250,scrambled,2
2251,institute,2
2252,reconciliation,1
2253,holocaust,4
2254,truth,5
2255,interview,1
2256,ye,3
2257,philosophy,9
2258,rational,3
2259,went,3
2260,constitutes,1
2261,addition,6
2262,application,2
2263,wallpaper,6
2264,trilogy,4
2265,russian,6
2266,multi layered,2
2267,purgatory,2
2268,created collaboration,2
2269,reliquary,6
2270,reliquary collection,6
2271,fire,11
2272,soundtrack,10
2273,sound piece,5
2274,purely,5
2275,context,2
2276,scalar,3
2277,buddha,3
2278,electromagnetic,4
2279,art centre,1
2280,robotic,4
2281,throughout film,2
2282,animation software,3
2283,super,4
2284,trade,2
2285,rose,2
2286,romantic,3
2287,name,4
2288,line,14
2289,barbara,3
2290,irony,3
2291,fable,6
2292,gifs,4
2293,screening,1
2294,claudia,3
2295,solar system,1
2296,solar,5
2297,completely,3
2298,viewer invited,1
2299,vista,3
2300,scenery,3
2301,overlapping,4
2302,resolve,3
2303,forest,8
2304,sacrificial mutilation death,4
2305,sacrificial mutilation,4
2306,mutilation death modern,4
2307,mutilation death,4
2308,mutilation,4
2309,modern art,4
2310,death modern art,4
2311,death modern,4
2312,employ,2
2313,strategy,3
2314,isolation,4
2315,requiem,1
2316,orange,6
2317,scalar field,2
2318,collection explores,2
2319,within space,5
2320,schwarm,3
2321,fischer,12
2322,sequence,5
2323,distorted,8
2324,swimming pool,5
2325,submerged,5
2326,filtered,5
2327,swell,4
2328,seed,2
2329,exchange,3
2330,case,3
2331,document,2
2332,vast,2
2333,organic,11
2334,venus,4
2335,anonymous,3
2336,voice,3
2337,truism,1
2338,survival,3
2339,optimism,5
2340,morphing,5
2341,master,8
2342,van den broek,3
2343,van den,3
2344,symm,3
2345,shift symm,3
2346,den broek,3
2347,den,3
2348,broek,3
2349,shift,1
2350,van,5
2351,symmetry,4
2352,shifting,1
2353,surrogate,2
2354,inquiry,3
2355,emotionally,2
2356,layering,3
2357,conflict,5
2358,photographic video,1
2359,trying understand,1
2360,image captured,2
2361,next,6
2362,light movement,2
2363,paris france,2
2364,silver,6
2365,perspective,2
2366,code,17
2367,created,34
2368,simple harmonic motion,4
2369,simple harmonic,4
2370,harmonic motion,4
2371,harmonic,4
2372,akten,4
2373,interaction simple,4
2374,created interaction simple,4
2375,created interaction,4
2376,black hole,3
2377,center,6
2378,hole,3
2379,explores concept,1
2380,video work transforms,5
2381,tug war,5
2382,tug,5
2383,relationship moving image,5
2384,spain,8
2385,japanese,3
2386,southern,3
2387,piece,21
2388,said,3
2389,first,22
2390,waste,3
2391,guy,3
2392,temperature,3
2393,horizon,4
2394,fails,3
2395,post production,1
2396,da,3
2397,intense,4
2398,ordered,4
2399,intervention,2
2400,disruption,3
2401,pulsing,1
2402,movement work,2
2403,impenetrable,3
2404,calculated,3
2405,department,3
2406,uncertainty,4
2407,principle,1
2408,nothing,9
2409,bridge,3
2410,pass,2
2411,elizabeth,3
2412,upright,4
2413,clemo part frame,1
2414,clemo part,1
2415,artist second,1
2416,frame artist,2
2417,number,1
2418,growth,5
2419,superficial,5
2420,buddhism,3
2421,music dance,2
2422,transcends,3
2423,stained glass,6
2424,stained,4
2425,duration,6
2426,simply,4
2427,particularly,3
2428,impossible,4
2429,paint,9
2430,exploration,4
2431,radio,3
2432,stillness,2
2433,atmosphere,3
2434,static,2
2435,interaction,3
2436,exhibition curated,3
2437,animation work,1
2438,together work,1
2439,close proximity,1
2440,proximity,2
2441,storm,5
2442,close,4
2443,sophistication,3
2444,sense place,1
2445,alignment,2
2446,vertical,5
2447,determined,3
2448,stuff,4
2449,news,3
2450,melt,2
2451,adding,1
2452,role,4
2453,sun,13
2454,opposite,2
2455,exist,7
2456,le,4
2457,destiny,3
2458,conception,3
2459,assistance,1
2460,image making,1
2461,extends,3
2462,sculptor,5
2463,pattern movement,1
2464,recognized,7
2465,dot,1
2466,sanskrit,2
2467,many people,6
2468,painting sculpture installation,6
2469,sculpture installation,7
2470,sublime,3
2471,painting sculpture,6
2472,kurokawa,3
2473,seem,4
2474,klee,3
2475,married,4
2476,ryoichi kurokawa,2
2477,ryoichi,1
2478,premier,2
2479,recent work,3
2480,dissolve,3
2481,incredibly,4
2482,twist,3
2483,fragmented,1
2484,neither,2
2485,synthetic,1
2486,scanning,1
2487,separation,1
2488,engaged,6
2489,cry,2
2490,sex,4
2491,way part,1
2492,way contrasting geometrical,1
2493,yet powerful body,1
2494,work way series,1
2495,upon time,4
2496,destination,5
2497,concealment,4
2498,traveling,5
2499,holy,4
2500,effectively,4
2501,metaphysical,6
2502,emerge,4
2503,applies,3
2504,rooftop,3
2505,focal point,3
2506,indecipherable,2
2507,biblical,3
2508,aircraft,10
2509,clothing,19
2510,almost,12
2511,within aircraft shell,10
2512,natural world,1
2513,whereby,1
2514,video work derived,1
2515,permanent,4
2516,ecosystem,1
2517,interactive,6
2518,gesture,1
2519,away,5
2520,terra,3
2521,geographical,3
2522,composed,8
2523,headset,5
2524,imposed,4
2525,terrain,5
2526,gazelli art house,3
2527,gazelli art,3
2528,gazelli,3
2529,tetrachromia,5
2530,exclusive,8
2531,titled tetrachromia exclusive,5
2532,titled tetrachromia,5
2533,tetrachromia exclusive work,5
2534,tetrachromia exclusive,5
2535,spectrum causing apparently,5
2536,spectrum causing,5
2537,series available limited,5
2538,series available,5
2539,helicopter,3
2540,drawing inscription,1
2541,mark making,1
2542,available sedition,4
2543,symbolic,6
2544,consciousness,11
2545,whose,3
2546,abandoned,4
2547,reveal,3
2548,inner,7
2549,balanced,4
2550,basis,5
2551,time based,3
2552,recreation,1
2553,michael,1
2554,divine,6
2555,constant,3
2556,absolute,3
2557,based artist,4
2558,date,10
2559,magazine,3
2560,safe,5
2561,irish,4
2562,smaller,3
2563,digitally manipulated,7
2564,twentieth century,2
2565,veil,5
2566,floating,6
2567,canal,3
2568,tranquility,6
2569,comparison,3
2570,artwork explores,6
2571,sitting,4
2572,trimalchio,1
2573,dressed,1
2574,luxury,1
2575,inferno,1
2576,burn,5
2577,digital film,2
2578,digital edition released,1
2579,eternity,6
2580,edition released,1
2581,final,12
2582,expansion,6
2583,featuring,6
2584,contradiction,2
2585,palace,4
2586,mediterranean,1
2587,taoist,2
2588,eight,1
2589,match,5
2590,snow,2
2591,autumn,3
2592,song,9
2593,grass,5
2594,blade,3
2595,kind,5
2596,universe,23
2597,divide,3
2598,epoch,3
2599,riot,2
2600,virtual world,3
2601,persian,1
2602,en,7
2603,timeless,8
2604,even,12
2605,attraction,3
2606,allude,2
2607,quickly,1
2608,attempt represent,1
2609,randomness,3
2610,cosmic,5
2611,turn,3
2612,axis,3
2613,extend,5
2614,simultaneous,2
2615,lawrence,3
2616,installed,5
2617,work available,6
2618,recognition,1
2619,medium work,1
2620,collaged,9
2621,work work,1
2622,alan,6
2623,work slowly,1
2624,latour,1
2625,still life painting,1
2626,twentieth,1
2627,needed,5
2628,though,4
2629,something else,4
2630,young,5
2631,window,8
2632,saatchi,3
2633,statement,7
2634,pattern,5
2635,message,2
2636,memory,14
2637,subscribe,1
2638,mori,2
2639,skeleton,2
2640,torn,2
2641,clip,2
2642,among,3
2643,marilyn monroe,5
2644,marilyn,5
2645,bird,3
2646,emerge work,1
2647,broadening,2
2648,branch,2
2649,thought,6
2650,flight,4
2651,towards possible film,3
2652,towards possible,3
2653,possible film,3
2654,sidi ifni,3
2655,sidi,3
2656,morocco,3
2657,ifni,3
2658,still image taken,3
2659,hate,4
2660,disbelief,3
2661,track,9
2662,giant,5
2663,transforms,2
2664,tree life,4
2665,tree,12
2666,never,10
2667,recalling,4
2668,triangle cloud,1
2669,triangle,6
2670,animation technique,1
2671,technique,17
2672,combination,9
2673,turmoil,2
2674,chaos,11
2675,come together,3
2676,intuitively,1
2677,rhythm,3
2678,human brain,7
2679,visual experience,4
2680,leading,1
2681,expanded,2
2682,view,13
2683,directed,1
2684,perfectly,3
2685,typing,3
2686,baby,4
2687,web,12
2688,shower,3
2689,electronic sound,1
2690,sorensen jolink,3
2691,sorensen,3
2692,jolink,3
2693,unconscious,6
2694,stephen,5
2695,series made,8
2696,racing,4
2697,fluorescent,5
2698,speed,4
2699,stress,2
2700,band,3
2701,uniqlo,9
2702,uniclones,9
2703,clear,13
2704,ethical,9
2705,cashmere,9
2706,agrarian,9
2707,shepherd,9
2708,draped,9
2709,flock,9
2710,university,2
2711,solo,2
2712,paul,3
2713,gone,3
2714,friend,3
2715,feel,7
2716,moving image,1
2717,bear,2
2718,heavy,5
2719,reflecting,3
2720,created exclusively sedition,3
2721,included,3
2722,celebration,1
2723,matt,2
2724,california,5
2725,migration,5
2726,geography,2
2727,bbc,1
2728,european,1
2729,style,6
2730,artistic,9
2731,fischer work,6
2732,algorithm,13
2733,authority,6
2734,creativity,9
2735,contemplation,7
2736,much like,1
2737,last year,2
2738,wash,4
2739,soothing,5
2740,external,4
2741,verigo,3
2742,thereby,4
2743,screen video,4
2744,work software,3
2745,whose development unpredictable,3
2746,whose development,3
2747,unpredictable fischer,3
2748,generated video work,1
2749,generated video,1
2750,digital sculpture,2
2751,computer generated video,1
2752,ongoing research,1
2753,danish,1
2754,purpose,5
2755,grace,3
2756,work part waiting,10
2757,work carl,10
2758,waiting collection ten,10
2759,waiting collection,9
2760,vilhelm,9
2761,carl,3
2762,environment work,1
2763,particular work carl,7
2764,part waiting collection,3
2765,largely inspired,2
2766,largely,2
2767,barrier,4
2768,vase,2
2769,mutually,1
2770,part waiting,1
2771,winter,5
2772,visual impact,4
2773,order create,1
2774,walk,2
2775,sound composition,3
2776,share,2
2777,cut,3
2778,seascape,3
2779,pixelated,2
2780,somerset,1
2781,king,3
2782,distance,1
2783,response,8
2784,partner,1
2785,hieronymus bosch,1
2786,hieronymus,1
2787,hold,3
2788,lover,2
2789,participant,1
2790,author,2
2791,cannot,6
2792,mat collishaw,1
2793,mat,1
2794,masterpiece,2
2795,imposes,1
2796,spirit,7
2797,chapman,1
2798,casting,4
2799,skin,4
2800,oil,18
2801,recorded,5
2802,without meaning,3
2803,intended,6
2804,touch,9
2805,iran unveils,1
2806,visuals made,1
2807,editing,2
2808,,33
2809,jean,5
2810,digital collage,13
2811,contemplating,1
2812,original digital,2
2813,distant,4
2814,cm,3
2815,conceptual,2
2816,carrier,1
2817,back,4
2818,raw material,1
2819,raw,4
2820,horizontal line,1
2821,decomposition,2
2822,randomly,3
2823,concern,1
2824,eternal,8
2825,torino,6
2826,cytone,6
2827,cgi,6
2828,render,3
2829,photoshop,11
2830,surrealism,4
2831,adobe photoshop,6
2832,adobe,7
2833,http,2
2834,texture,2
2835,alongside,3
2836,work perception,5
2837,work social,2
2838,mesmerising,2
2839,continuing,4
2840,variation,3
2841,grow,3
2842,mixed,32
2843,port,5
2844,transition,6
2845,mirrored,5
2846,area,5
2847,find,10
2848,connects,1
2849,beyond,5
2850,persona,5
2851,surge energy deployment,5
2852,surge energy,5
2853,grief past,5
2854,carrying reinvention old,5
2855,carrying reinvention,5
2856,timeframe,5
2857,reinvention,4
2858,persona world,2
2859,leaving space,2
2860,played,5
2861,manipulated,3
2862,photo editing,5
2863,constructing,5
2864,final artwork,5
2865,blending,6
2866,repeating,3
2867,utopian,3
2868,actually,2
2869,applied,4
2870,existence,15
2871,search,5
2872,version,7
2873,gradually,3
2874,apart,2
2875,consists,2
2876,fully,3
2877,level,4
2878,towards art,1
2879,exhibit,2
2880,main,6
2881,stage,5
2882,processing,14
2883,moment time,2
2884,image created,5
2885,created code,9
2886,laptop,10
2887,yes,2
2888,hint,2
2889,loose,2
2890,fine,4
2891,child,3
2892,generating,5
2893,thread,3
2894,sold,4
2895,accompanied,1
2896,pornography,5
2897,usage,3
2898,phone,7
2899,dna,4
2900,platform,4
2901,approach,2
2902,thru,5
2903,limit,1
2904,rise,5
2905,sign,2
2906,unfolding,2
2907,shaped,1
2908,continuous,2
2909,long,7
2910,part ongoing series,9
2911,framework,1
2912,brooklyn,2
2913,grand,4
2914,ambiguity,2
2915,swiss,3
2916,mn,4
2917,exclusiv,6
2918,natural element,3
2919,nature human,6
2920,life made,4
2921,human life,4
2922,wonderful,6
2923,stay,6
2924,northern,4
2925,decorative,2
2926,photo manipulation,12
2927,fascinated,5
2928,digital art,24
2929,photo,20
2930,homelessness,5
2931,alice,3
2932,filter,1
2933,digital photo,2
2934,restless,4
2935,buried,4
2936,swim,3
2937,contact,4
2938,afraid,3
2939,hide,2
2940,worn,2
2941,seek,2
2942,march,3
2943,saw,4
2944,located,2
2945,sketch,4
2946,panoramic,3
2947,format hd,3
2948,michaelhawk art,7
2949,michaelhawk,7
2950,board,5
2951,trt,9
2952,son,3
2953,else,4
2954,hit,2
2955,see world,2
2956,fractal,13
2957,today city,3
2958,time rural,3
2959,solitary dance man,3
2960,solitary dance,3
2961,man today city,3
2962,man today,3
2963,dance man today,3
2964,dance man,3
2965,science,5
2966,follows,2
2967,art science,5
2968,usual,4
2969,fading,3
2970,semi abstract,4
2971,accumulation,2
2972,guide,4
2973,frank,2
2974,resonance,4
2975,component,1
2976,embedded,3
2977,focusing,2
2978,economy,1
2979,originally created,3
2980,monitor,6
2981,series video,6
2982,serve,2
2983,homage,2
2984,etc,5
2985,questioning,2
2986,exposed,6
2987,achieve,7
2988,pain,7
2989,daily,7
2990,always,11
2991,represent different,1
2992,happy,2
2993,corner,3
2994,abstract work,7
2995,inwards,3
2996,different form,1
2997,detritus,3
2998,within composition,1
2999,form colour,1
3000,creative process,2
3001,image create,4
3002,digitised,6
3003,process creating,1
3004,stacked,1
3005,largest,3
3006,gradient,3
3007,colorful,13
3008,piece series,4
3009,looping,7
3010,born,9
3011,influencing,5
3012,vary,6
3013,related,4
3014,explain,1
3015,secret,3
3016,sullivan,6
3017,justin sullivan,6
3018,justin,7
3019,elephant,3
3020,smile,5
3021,apple,5
3022,acoustic,3
3023,due,2
3024,provide,1
3025,care,3
3026,standing,7
3027,increasingly,1
3028,given,1
3029,pseudo,6
3030,realistic,4
3031,relevant,4
3032,action,3
3033,product,2
3034,painting video,4
3035,gestural,5
3036,sedition digital,1
3037,play light,2
3038,mood,5
3039,content,2
3040,totally,4
3041,arise,4
3042,fragile,2
3043,communicate,2
3044,manner,3
3045,lie,1
3046,avatar,2
3047,true,2
3048,reflects,5
3049,ongoing series,6
3050,part ongoing,9
3051,started,5
3052,focus,4
3053,mixing,5
3054,mix,8
3055,cross,5
3056,jpg,6
3057,technic,5
3058,staining,1
3059,databending,5
3060,glitched,8
3061,converted,7
3062,file,13
3063,station,4
3064,android,4
3065,player,3
3066,objective,4
3067,heavily,1
3068,endless,9
3069,multiple,6
3070,jewel,3
3071,positive,6
3072,fleeting,1
3073,surrounded,3
3074,affordable,4
3075,state consciousness,6
3076,dehumanized,4
3077,cybernetic,4
3078,remaining,4
3079,apparent,7
3080,stretch,3
3081,optical,5
3082,cutout,4
3083,masked,5
3084,apparatus,5
3085,virtual landscape,4
3086,moved,6
3087,travel,4
3088,land,5
3089,originally,2
3090,convey,2
3091,wisdom,5
3092,quote,2
3093,alone,10
3094,let,10
3095,difference,3
3096,swirling detached,5
3097,signal always becoming,5
3098,signal always,5
3099,organism expands phenomen,5
3100,organism expands,5
3101,expands phenomen abnormal,5
3102,expands phenomen,5
3103,atavi initiated artistic,5
3104,atavi initiated,5
3105,atavi,5
3106,mixed technique,11
3107,created mixed,5
3108,artwork created,14
3109,nature nature,2
3110,sergio ferrer,2
3111,sergio,3
3112,ferrer,2
3113,coming,8
3114,able,6
3115,get,6
3116,high,7
3117,surprising,5
3118,daily life,5
3119,fantasy,4
3120,digital world,6
3121,magic,11
3122,series consists,2
3123,dry,4
3124,december,6
3125,bible,4
3126,sacred,6
3127,program,10
3128,vocabulary,4
3129,computer program,3
3130,humankind,3
3131,constantly shifting,2
3132,disappear view,2
3133,endlessly,3
3134,blurred,5
3135,resembles,3
3136,map,4
3137,intensity,4
3138,mojave desert california,2
3139,mojave desert,2
3140,mojave,2
3141,desert california,3
3142,desert,6
3143,anxiety,4
3144,part art,4
3145,essence,3
3146,choreography,3
3147,witness,2
3148,creator,1
3149,craft,3
3150,progress,3
3151,control,5
3152,attempt,3
3153,conspiracy,3
3154,war remote technology,5
3155,war remote,5
3156,vector traced,7
3157,torn cut collaged,7
3158,torn cut,7
3159,printed format,7
3160,manipulated printed format,7
3161,spot,3
3162,bolivia,6
3163,skip hunt,6
3164,skip,4
3165,noticed,1
3166,hunt,3
3167,tail,3
3168,work printed,6
3169,work constructed,3
3170,disturbing,3
3171,dissolved,2
3172,industrial,3
3173,investigation,4
3174,appreciation,6
3175,understanding,3
3176,representation,6
3177,please,4
3178,format,12
3179,com,15
3180,element series,1
3181,principal,5
3182,begun,3
3183,watercolor,2
3184,broken,8
3185,first series,4
3186,finished,6
3187,february,3
3188,printed,3
3189,somewhere,5
3190,maybe,6
3191,entity,2
3192,reach,7
3193,void,7
3194,great,4
3195,digital technique,1
3196,property,1
3197,male female,1
3198,successful,3
3199,occur,2
3200,formation,2
3201,june,7
3202,barcelona,4
3203,artist residency,2
3204,brief,5
3205,enduring,3
3206,belief,2
3207,around world,4
3208,stored,5
3209,special thanks,2
3210,piano,2
3211,coast,7
3212,unseen,3
3213,spider,2
3214,orb,4
3215,attached,1
3216,physically conceptually,5
3217,old beautiful ugly,5
3218,old beautiful,5
3219,modern life work,5
3220,make happen take,5
3221,like developing riddle,5
3222,like developing,5
3223,archival,5
3224,dystopian future,2
3225,documented,7
3226,dystopian,2
3227,short,8
3228,circular,5
3229,armour,1
3230,battle,5
3231,honor,4
3232,truly,5
3233,invented,3
3234,pride,2
3235,every day,1
3236,alternative,3
3237,arrangement,2
3238,surrounding,4
3239,piece collection,1
3240,psd,4
3241,world made,2
3242,reminds,5
3243,initially,2
3244,seeing,5
3245,got,5
3246,facebook,2
3247,composing,2
3248,washing,1
3249,momentarily,2
3250,taste,5
3251,nostalgic,6
3252,better,2
3253,selected,4
3254,belongs,6
3255,buy,5
3256,digitally created,7
3257,high resolution,6
3258,signed,8
3259,according,5
3260,worked,6
3261,asteroid,2
3262,premiere,3
3263,brazil,6
3264,silence,7
3265,pop culture,8
3266,web culture part,8
3267,web culture,8
3268,video much,8
3269,today pop culture,8
3270,involved,4
3271,trying,8
3272,represent,3
3273,computer generated,4
3274,uhd format,6
3275,uhd,7
3276,mathematics,1
3277,audio video,5
3278,database,5
3279,video editing,2
3280,driving,6
3281,programming,5
3282,intelligence,4
3283,right hemisphere,1
3284,hemisphere,5
3285,etched onto,1
3286,etched,1
3287,digital photography,2
3288,work part ongoing,2
3289,feature work,1
3290,regular,4
3291,grid,2
3292,pattern motif,1
3293,emphasize,2
3294,print video,1
3295,street art,8
3296,essentially,2
3297,controlling,4
3298,wander,1
3299,rule,4
3300,mista su,6
3301,mista,6
3302,con,5
3303,colori,8
3304,su,6
3305,acrylic,17
3306,di,7
3307,exhibited,6
3308,debut,8
3309,oil canvas,10
3310,rainbow,3
3311,showcase,7
3312,november,6
3313,observe,1
3314,tap,3
3315,careful,2
3316,dr sawsan amin,8
3317,dr sawsan,8
3318,sawsan amin,9
3319,sawsan,9
3320,amin,9
3321,dr,9
3322,art work,11
3323,religious,2
3324,mystical,3
3325,initial,6
3326,manifestation,2
3327,near,4
3328,semi,1
3329,spring,4
3330,assigned,1
3331,series called,6
3332,image series,10
3333,foreground,2
3334,current,1
3335,detail,2
3336,favorite,6
3337,superimposed,6
3338,work like,1
3339,imaginary,4
3340,combining,1
3341,digital copy original,9
3342,digital copy,9
3343,copy original work,9
3344,copy original,9
3345,copy,9
3346,original work,13
3347,concerning,3
3348,crisis,3
3349,nevertheless,2
3350,environmental,3
3351,documentary,7
3352,era,4
3353,push,2
3354,pull,3
3355,invisible,4
3356,force,1
3357,art photography,5
3358,computational,5
3359,bank,4
3360,rio de janeiro,8
3361,rio de,7
3362,rio,7
3363,janeiro,7
3364,de janeiro,7
3365,collide,2
3366,instinctive,2
3367,personality,2
3368,short film,3
3369,surroundings,4
3370,single channel,3
3371,merely,3
3372,mouvements,6
3373,looping every,6
3374,function,3
3375,work exploring,1
3376,extreme,4
3377,benjamin,1
3378,check,3
3379,ideology,2
3380,manually,7
3381,give,9
3382,world pressure reached,5
3383,world pressure,5
3384,previous city compressed,5
3385,previous city,5
3386,digital mixed,6
3387,general,5
3388,binary,6
3389,evolving,3
3390,fabric,3
3391,procedure,1
3392,brought,4
3393,identical,4
3394,served,3
3395,treatment,5
3396,company,1
3397,digital picture,6
3398,picture,15
3399,singer,5
3400,choose,6
3401,learned,4
3402,race,4
3403,actress,6
3404,wish,5
3405,catching,3
3406,countless,3
3407,soft,4
3408,gentle,1
3409,enjoy,4
3410,marching,1
3411,three work series,3
3412,invite viewer,3
3413,fun,5
3414,invite,3
3415,three work,3
3416,work series,4
3417,eric,6
3418,et,3
3419,hair,1
3420,novel,3
3421,human form,1
3422,larger,2
3423,began,4
3424,ring,3
3425,signature,4
3426,shade,1
3427,neutral,3
3428,offered,5
3429,portray,3
3430,rapid,1
3431,others,3
3432,outwards,2
3433,fluctuation,1
3434,observer,3
3435,time lapse,6
3436,lapse,6
3437,take,4
3438,bowl,2
3439,angel,2
3440,seven,2
3441,poetic,4
3442,mount,3
3443,displaying,5
3444,pigment,1
3445,ongoing exploration,5
3446,immense,3
3447,travelling,3
3448,happen,3
3449,car,2
3450,help,9
3451,digitally painted,5
3452,speaks,1
3453,everyone,3
3454,painted,13
3455,rolling,4
3456,blue sky,2
3457,paradise,1
3458,greece,6
3459,native country,1
3460,summer,11
3461,native,2
3462,inspired,12
3463,major,3
3464,became,2
3465,coffee,11
3466,coffee bar,9
3467,white dance change,6
3468,white dance,6
3469,whisper become butterfly,6
3470,whisper become,6
3471,well eating gray,6
3472,well eating,6
3473,tear apart kiss,6
3474,tail many,4
3475,substance,3
3476,transparency,2
3477,projecting,2
3478,comprised,3
3479,colored,7
3480,reflected,3
3481,flying,11
3482,plane,1
3483,cold,9
3484,try,6
3485,mysterious,7
3486,understand,3
3487,food,3
3488,item,2
3489,digital camera,1
3490,main subject matter,5
3491,main subject,5
3492,human perception,6
3493,subject matter,4
3494,ct,1
3495,floral,3
3496,operated,1
3497,original piece,1
3498,full frame,1
3499,abstract piece,7
3500,island,8
3501,leaf,8
3502,virtual environment,1
3503,sculpted,1
3504,unreal,7
3505,de la,2
3506,course,3
3507,printing,4
3508,breathing,5
3509,year,8
3510,expectation,2
3511,breathe,3
3512,forced,3
3513,investigating,1
3514,driven,7
3515,storytelling,1
3516,consequence,5
3517,direct,2
3518,world real,1
3519,created image,3
3520,real world,2
3521,seeking,4
3522,mankind,4
3523,limitation,1
3524,speaking,3
3525,theme beauty,1
3526,perceive,3
3527,making appear,1
3528,art museum,1
3529,contemporary art,1
3530,sword,4
3531,human desire,6
3532,form present,4
3533,conservative,4
3534,lecture,4
3535,image form,4
3536,go,6
3537,original album,4
3538,album cover,5
3539,cover,4
3540,based visual,5
3541,structural,4
3542,curtain,1
3543,perceptible,2
3544,tried,3
3545,work inspired,2
3546,connected,2
3547,algorithmic,5
3548,algorithmic photograph,1
3549,reservoir,4
3550,seat,4
3551,perhaps,2
3552,domination,4
3553,museum quality,6
3554,irrational,5
3555,six,6
3556,ambient,3
3557,granular,4
3558,unravel,2
3559,frozen,5
3560,caliche,3
3561,technische,3
3562,saltpetre,3
3563,called caliche,3
3564,sodium nitrate,6
3565,sodium,6
3566,nitrate,6
3567,collaboration,6
3568,saltpeter,3
3569,chile,3
3570,chile saltpeter,3
3571,atacama,3
3572,northern chile,3
3573,atlantic,4
3574,art collection,5
3575,featured,4
3576,numerous,1
3577,france,4
3578,famous,4
3579,finding,4
3580,fit,3
3581,cat,2
3582,organic mass,5
3583,base digitized organic,5
3584,base digitized,5
3585,melding,6
3586,impress,6
3587,dean,5
3588,abstract art,6
3589,wet,5
3590,brightly,1
3591,august,5
3592,absorbed,2
3593,filled,2
3594,hill,4
3595,rest,5
3596,part series,14
3597,continuously,1
3598,run,3
3599,emergent,5
3600,pause,1
3601,lower,4
3602,galaxy,5
3603,gem,1
3604,outer space,5
3605,outer,4
3606,completed,11
3607,body current,5
3608,loving,6
3609,uplifting,8
3610,human spirit,5
3611,integrated,5
3612,following,2
3613,allows,3
3614,aim,2
3615,work part series,4
3616,digital animation,3
3617,evoke,4
3618,work part,4
3619,choice,5
3620,still composition,3
3621,back still,3
3622,begin move,2
3623,circle,5
3624,digital realm,4
3625,digital environment,4
3626,eventually,7
3627,device,2
3628,urban,4
3629,keyboard,3
3630,populated,2
3631,eventually track listing,5
3632,eventually track,5
3633,deadly,6
3634,salt,5
3635,added,6
3636,singular,4
3637,similarity,1
3638,exposing,1
3639,impression,1
3640,characteristic,1
3641,generate,4
3642,degree,2
3643,illustrate,1
3644,soaked magic,2
3645,soaked,2
3646,austerity soaked magic,2
3647,austerity soaked,2
3648,austerity,3
3649,usa,3
3650,collection limited edition,1
3651,collection limited,1
3652,art gallery,4
3653,modifying,2
3654,evoking,3
3655,highly detailed,2
3656,different color,3
3657,saturated,1
3658,coding,3
3659,bright,4
3660,rothko,2
3661,digital era,3
3662,expressing,3
3663,extracted,5
3664,interested,1
3665,identifies,3
3666,portrays,6
3667,chromatic,4
3668,deconstructed,4
3669,non,4
3670,part visual,7
3671,original music,6
3672,created software,4
3673,collaborate,3
3674,music composed,3
3675,pace,5
3676,decision,3
3677,square,8
3678,cyclical,1
3679,losing,2
3680,remain,2
3681,semi transparent,2
3682,montage,4
3683,perfect,3
3684,quasi,4
3685,series exploring,5
3686,wrestle,1
3687,piece created,7
3688,obvious,3
3689,mind,17
3690,artwork inspired,4
3691,private,5
3692,late,4
3693,somehow,3
3694,showing,5
3695,light dark,3
3696,escape,2
3697,journey,9
3698,religion,4
3699,art work created,4
3700,digital art work,5
3701,work created,9
3702,based original,2
3703,explore,4
3704,serie,7
3705,science fiction,5
3706,james,3
3707,video game,1
3708,latter,1
3709,imaging,1
3710,express,6
3711,imagination,5
3712,creative,7
3713,hypnotic,2
3714,cytonewww,2
3715,ello,4
3716,tumblr,6
3717,copyright,3
3718,prefers,6
3719,shimmer,3
3720,cyst shimmer,3
3721,cyst,3
3722,aliveness,3
3723,somebody,4
3724,event,3
3725,final image,6
3726,dreaming,6
3727,lose,4
3728,digital work,10
3729,hidden,2
3730,visual imaginary boris,6
3731,visual imaginary,6
3732,part visual imaginary,6
3733,imaginary boris chimp,6
3734,imaginary boris,6
3735,av live performance,6
3736,av live,6
3737,chimp,7
3738,boris chimp,6
3739,entering,3
3740,subconscious,5
3741,outside,8
3742,genuine,1
3743,stunning,6
3744,star,2
3745,min,3
3746,predefined,2
3747,manual,5
3748,algorithmically,1
3749,positioned,5
3750,wanted,2
3751,aspect,2
3752,cognitive dissonance,4
3753,dissonance series,4
3754,cognitive dissonance series,4
3755,create hybrid,5
3756,told,5
3757,series piece,5
3758,interlock,6
3759,imprint,4
3760,advantage,5
3761,designer,4
3762,passion,3
3763,frequently,2
3764,conscious,5
3765,conscious mind,4
3766,abstracted video,3
3767,remove,4
3768,join,5
3769,daydream,3
3770,encourage,3
3771,art history,4
3772,digitized,1
3773,legacy,1
3774,fascination,2
3775,globe,2
3776,offering,2
3777,longer,1
3778,deeper,2
3779,www,4
3780,free,7
3781,petal,1
3782,metaphoric,3
3783,real estate,6
3784,estate,6
3785,decaying,2
3786,pure,9
3787,floor,4
3788,disappear,1
3789,theme,4
3790,rising,3
3791,picture taken,1
3792,departure,3
3793,plan,2
3794,collective memory,1
3795,relate,1
3796,passage,5
3797,situation,4
3798,linked,2
3799,usually,3
3800,soundtrack iury lech,4
3801,soundtrack iury,4
3802,lech,4
3803,iury lech,4
3804,iury,4
3805,wand,1
3806,compressed,2
3807,mineral,5
3808,save,3
3809,price,2
3810,sarah,2
3811,augmented,17
3812,chaotic,3
3813,experiment,1
3814,pro,5
3815,stand,2
3816,struggle,2
3817,series digital,4
3818,boris,4
3819,digital artwork,4
3820,blurring,2
3821,relativity,1
3822,edited,4
3823,collected,1
3824,source material work,1
3825,material work,1
3826,span,2
3827,vibration,1
3828,oil painting,2
3829,conceived,2
3830,add,2
3831,calm,2
3832,keep,5
3833,taking,4
3834,altered,1
3835,dissolving,2
3836,digital video,2
3837,image taken,1
3838,topic,11
3839,extract,4
3840,single frame,5
3841,frame video,1
3842,created animated,1
3843,daughter,3
3844,mother,9
3845,video created,3
3846,visuals,4
3847,domestic,6
3848,well surrounding perception,6
3849,well surrounding,6
3850,viewer intense,6
3851,surrounding perception electronic,6
3852,surpass original soundtrack,6
3853,surpass original,6
3854,surpass,6
3855,reality certain routine,6
3856,embodies,2
3857,widely,1
3858,happiness,5
3859,position,3
3860,concept meditation,1
3861,least,3
3862,transferred,4
3863,whilst,2
3864,split,3
3865,piece art,1
3866,cell,4
3867,lite app,5
3868,aurasma lite app,4
3869,aurasma lite,5
3870,lite,5
3871,aurasma,11
3872,augmented reality,15
3873,app,10
3874,side aurasma lite,5
3875,staying,2
3876,point view,2
3877,digital version,2
3878,september,1
3879,drama,1
3880,work collaboration,1
3881,spray,3
3882,painting painted,1
3883,together create,2
3884,mainly,2
3885,lincoln,4
3886,chicago,3
3887,digital data,5
3888,glitch art,7
3889,fragility,8
3890,field recording,1
3891,sound field recording,1
3892,sound field,1
3893,drop,2
3894,emphasis,2
3895,community,1
3896,scrap,2
3897,virtual object,2
3898,stereoscopic,6
3899,carried,7
3900,anywhere,6
3901,proposes,2
3902,space digital,2
3903,transformed,5
3904,bottom,5
3905,partition,2
3906,performs,7
3907,view master,3
3908,gif version,4
3909,gif,7
3910,thanks,1
3911,special,5
3912,east,4
3913,dynamic,7
3914,synchronized,5
3915,individually,4
3916,renaissance,1
3917,arena,1
3918,voyage,2
3919,normally,1
3920,introduce,1
3921,orbit,1
3922,vimeo com,6
3923,vimeo,6
3924,corresponding,3
3925,space series,2
3926,simmons work slowly,5
3927,simmons work,5
3928,panel opaque,5
3929,organic reflective southern,5
3930,organic reflective,5
3931,cost original painting,5
3932,cost original,5
3933,card finished,5
3934,atmosphere piece produced,5
3935,atmosphere piece,4
3936,silence loneliness sadness,4
3937,silence loneliness,3
3938,poetry book,4
3939,silencio,5
3940,sadness,3
3941,burning,5
3942,musician,1
3943,soledad,3
3944,return,2
3945,focused,5
3946,enabling,1
3947,complicated,3
3948,lovely,5
3949,way portrait,1
3950,hard,2
3951,running,4
3952,rate,4
3953,alter,1
3954,compelling,5
3955,shared,1
3956,pulse,2
3957,interactive installation,3
3958,transcend,2
3959,amazing,7
3960,gathered,3
3961,digital photograph,8
3962,graphic,4
3963,january,5
3964,aura,1
3965,operatic,1
3966,extraordinary,2
3967,door,2
3968,digital decade,2
3969,decade,2
3970,creature,2
3971,continues experiment,1
3972,apps,1
3973,literally,2
3974,realm,1
3975,water fire air,4
3976,water fire,4
3977,fire air space,4
3978,fire air,4
3979,earth water fire,4
3980,earth water,4
3981,air space,4
3982,ephemeral void,4
3983,ephemeral,4
3984,work generative algorithm,2
3985,spinning animated particle,2
3986,spinning animated,2
3987,sound machine code,2
3988,sound machine,2
3989,philosophy project,2
3990,official,3
3991,except,3
3992,war took place,5
3993,war took,5
3994,space craft,5
3995,novel involving,5
3996,future artwork,4
3997,model,3
3998,una,3
3999,digital manipulation,4
4000,disintegration,2
4001,form color,2
4002,error,3
4003,setting,3
4004,series photo,1
4005,parent,1
4006,experimentation,2
4007,overall,2
4008,mostly,2
4009,wright,9
4010,minor,4
4011,growing,6
4012,currently,3
4013,used digital illustration,5
4014,used digital,5
4015,sold several,5
4016,software destroyed altered,5
4017,software destroyed,5
4018,illustration photographic manipulation,5
4019,illustration photographic,5
4020,digital illustration,5
4021,journey across,5
4022,slice,3
4023,disparate,2
4024,evolution,3
4025,acrylic paint,1
4026,trapped,3
4027,peony flower,5
4028,peony,5
4029,adapt,7
4030,que,4
4031,exotic,4
4032,brush,4
4033,magnificent,1
4034,cinema,6
4035,piringer,3
4036,series short,3
4037,pixel,10
4038,pixel pixel,1
4039,live performance,6
4040,eye see,4
4041,everyday life,3
4042,good,5
4043,org,4
4044,digital pop,5
4045,yau,5
4046,use variety stylised,5
4047,use variety,5
4048,use non traditional,5
4049,use non,5
4050,upon geometry well,5
4051,upon geometry,5
4052,repetition,3
4053,might look like,1
4054,might look,1
4055,wide,4
4056,look like,1
4057,longing,4
4058,step,7
4059,behavior,3
4060,minimum,4
4061,table,1
4062,lot,5
4063,origami,3
4064,madness,1
4065,analysis,1
4066,composite,1
4067,furniture,1
4068,smolenski,2
4069,call,2
4070,closely,2
4071,negative,7
4072,capturing,5
4073,fallen,1
4074,scanned,3
4075,float,4
4076,strict,3
4077,page,2
4078,influenced,1
4079,piece commentary,5
4080,anything,2
4081,sub conscious,4
4082,sub,4
4083,hence,4
4084,genre,2
4085,digital code,5
4086,ft,2
4087,addressed,1
4088,derek culley,6
4089,derek,5
4090,culley,6
4091,upper,4
4092,guyaux,3
4093,viewable,3
4094,physical work,5
4095,metallic print,6
4096,metallic,6
4097,allegorical,4
4098,adaptation,5
4099,genesis,5
4100,violence,2
4101,seductive,2
4102,pool,4
4103,work greene explores,5
4104,work greene,5
4105,union jack,5
4106,shipping forecast,5
4107,shipping,5
4108,sea region,5
4109,oddly,5
4110,greene explores,5
4111,forecast,5
4112,video art work,1
4113,public domain,3
4114,domain,3
4115,beginning,2
4116,although,2
4117,digital abstract,3
4118,generatively,1
4119,form could,1
4120,worth,1
4121,simulates,1
4122,discovering,4
4123,zen,5
4124,generated artwork,1
4125,computer generated artwork,1
4126,meet,6
4127,digital process,5
4128,college art,2
4129,explored,1
4130,solitary,2
4131,high speed,3
4132,urge,3
4133,latent,1
4134,necessarily,1
4135,made available,2
4136,definition,1
4137,box,9
4138,four,5
4139,space work,2
4140,unfolds,1
4141,infinite loop,6
4142,electron,3
4143,releasing,2
4144,come mind,1
4145,glowing,1
4146,chasm,1
4147,exposure,2
4148,varied,2
4149,suggests,2
4150,occurs,3
4151,capacity,9
4152,intellectual,6
4153,email,4
4154,cork,5
4155,never seen,5
4156,visual music,5
4157,thing,2
4158,jarrett,10
4159,work always jarrett,10
4160,used superimpose procreate,10
4161,used superimpose,10
4162,time digital art,10
4163,technology believe exciting,10
4164,technology believe,10
4165,superimpose procreate jarrett,10
4166,superimpose procreate,10
4167,storytelling interested pushing,10
4168,italy,5
4169,would like,5
4170,sorted,4
4171,pixel sorted,4
4172,previous,3
4173,emergence,2
4174,series inspired,3
4175,complexity,4
4176,reduced,2
4177,image becomes,2
4178,ambiguous,2
4179,interpreted,3
4180,oliver,2
4181,plexiglas,1
4182,pay homage,1
4183,disk,4
4184,ideal,2
4185,utopia,3
4186,david bickley,5
4187,bickley,5
4188,additional,3
4189,originally commissioned,1
4190,ireland,3
4191,tom,4
4192,marinin,2
4193,boris marinin,2
4194,collect,2
4195,concept visual,1
4196,primitive,2
4197,coin,2
4198,europe,3
4199,paper,12
4200,quality,1
4201,represented,1
4202,threshold,1
4203,temporal,1
4204,fictional,3
4205,slide,6
4206,based painting,2
4207,nicol,3
4208,progressively,1
4209,chose,3
4210,frame frame,4
4211,carefully,2
4212,foreign,2
4213,happens,1
4214,supposedly,1
4215,talk,3
4216,work light,3
4217,taken different,3
4218,series nature,3
4219,rely,4
4220,poet,1
4221,beauty nature,5
4222,elegance,2
4223,immersive,2
4224,edge,2
4225,grief,1
4226,caused,8
4227,especially,3
4228,video art piece,1
4229,projected,2
4230,delighted,1
4231,created series,1
4232,discover,3
4233,recent,1
4234,cool,2
4235,reminiscent,2
4236,took place,4
4237,audio visual,4
4238,griffler,4
4239,kate griffler,4
4240,kate,4
4241,edition benton bainbridge,1
4242,edition benton,1
4243,thermal camera,3
4244,simplicity biological digital,8
4245,simplicity biological,8
4246,extraordinary simplicity biological,8
4247,extraordinary simplicity,8
4248,examines body extraordinary,8
4249,examines body,8
4250,digital aesthetic organism,8
4251,body extraordinary simplicity,8
4252,body extraordinary,7
4253,biological digital aesthetic,4
4254,sailing,4
4255,eno,3
4256,brian eno,3
4257,dynamically,3
4258,may,8
4259,pinhole camera,3
4260,pinhole,3
4261,alex may,3
4262,tablet,5
4263,extent,3
4264,thomas,2
4265,support,4
4266,drawing ipad,4
4267,digital drawing,5
4268,procreate,4
4269,allow,1
4270,hyper,2
4271,black background,2
4272,emerging,2
4273,separate,1
4274,selection,4
4275,explore aesthetic,1
4276,castle,2
4277,lux,1
4278,ligeti,1
4279,tell,3
4280,say,5
4281,wire,7
4282,candle,2
4283,sydney,3
4284,chip,1
4285,question,1
4286,saying,3
4287,forming,5
4288,geometry,6
4289,range,2
4290,lung,1
4291,easy,4
4292,detailed,1
4293,ray,3
4294,aware,2
4295,sort,1
4296,work progress,2
4297,watercolour,2
4298,refraction,1
4299,research,1
4300,tracing,2
4301,latest,4
4302,discarded,2
4303,described,2
4304,maintain,1
4305,adventure,3
4306,lens,5
4307,extremely,1
4308,contrast,2
4309,imbued,1
4310,border,2
4311,doria,5
4312,rather composing grows,5
4313,rather composing,5
4314,organic molecular transcendent,5
4315,organic molecular,5
4316,organ apprehension,5
4317,looking doria captivating,5
4318,looking doria,5
4319,doria rather composing,4
4320,impulse,1
4321,transform,1
4322,video installation,3
4323,video artwork,3
4324,impunity,3
4325,nature abstract,4
4326,tank,3
4327,good evil,1
4328,evil,1
4329,oscillation,1
4330,make sense,3
4331,felt,3
4332,wherein,1
4333,firmly,1
4334,divided,4
4335,pierre,2
4336,documentation,4
4337,organic mechanical,1
4338,shimmering,2
4339,mutation,4
4340,retreat,2
4341,spiral,1
4342,neonatal,4
4343,fractal geometry,4
4344,irregular,5
4345,blood test,4
4346,sport,3
4347,politics,1
4348,created digitally,10
4349,elastic,3
4350,juxtaposition,2
4351,controlled,2
4352,input,4
4353,considers,1
4354,build,2
4355,vibrant,1
4356,embrace,2
4357,luz,2
4358,serenity,3
4359,extension,1
4360,constructed,5
4361,hand drawn,3
4362,school,3
4363,inspire,2
4364,propagated,1
4365,hero,1
4366,video sound,3
4367,pictorial,3
4368,realization,1
4369,holokinetic painting,2
4370,holokinetic,2
4371,metamorphosis,6
4372,book page,1
4373,created artist,4
4374,retains,2
4375,french,3
4376,leviathan,2
4377,jonah,2
4378,fromartz,3
4379,zeno,3
4380,prop,3
4381,lisa,6
4382,color form,4
4383,light work,3
4384,nagy,3
4385,spend,1
4386,returned,2
4387,april,3
4388,discovered,4
4389,rocky,6
4390,oil paint,2
4391,kiss,4
4392,simplicity,2
4393,emotion,2
4394,kosuth,1
4395,chair,1
4396,spend time,1
4397,hear,4
4398,theorist,4
4399,matrix,1
4400,constantin,3
4401,greek,1
4402,exclusively available,3
4403,subtle,3
4404,fear,3
4405,satellite,3
4406,simplified,1
4407,wild,5
4408,beneath,1
4409,mexican,5
4410,series six,4
4411,saved,4
4412,sens,1
4413,angle,1
4414,translation,1
4415,office,1
4416,job,1
4417,best,4
4418,modern world,2
4419,till,2
4420,meditative,4
4421,emerges,1
4422,weather,2
4423,transport,3
4424,low,2
4425,tool,1
4426,primal,3
4427,united,2
4428,lagoon,1
4429,explaining,1
4430,intricate,4
4431,warm,3
4432,wrote,2
4433,process series,2
4434,sight,1
4435,william,7
4436,taught,5
4437,work art,3
4438,nation,1
4439,create work,1
4440,tribute,4
4441,valley,4
4442,deeply,4
4443,poster,5
4444,interprets,1
4445,traced,1
4446,visualize,3
4447,tga,3
4448,microscopy,3
4449,algorithm work,1
4450,printer,4
4451,synaesthetic,1
4452,custom made software,1
4453,causing,2
4454,gently,4
4455,class,1
4456,paced,2
4457,boy,4
4458,card,1
4459,toxteth,5
4460,celebrate,3
4461,cosmology,2
4462,continue,1
4463,work visual,4
4464,work exhibited,1
4465,modified,3
4466,side aurasma,1
4467,piece art download,1
4468,empty space,2
4469,fill,1
4470,varying,1
4471,viewfinder,2
4472,assembled,2
4473,subsequently,3
4474,interesting,7
4475,lack,3
4476,certain,3
4477,series graphic,5
4478,random search unknown,5
4479,random search,5
4480,looking fusion compression,5
4481,looking fusion,5
4482,identity strength,5
4483,form highlight matter,5
4484,form highlight,5
4485,cell live harmony,5
4486,simple complex,1
4487,equivalent,2
4488,steve,2
4489,next stage,1
4490,recently,4
4491,geometric abstract,1
4492,created year,2
4493,pressure,3
4494,work explore,2
4495,expressionism,2
4496,computer screen,2
4497,belgian,6
4498,break,4
4499,underlying,4
4500,melody,1
4501,series work inspired,2
4502,form piece,4
4503,part series work,2
4504,hd video,5
4505,originally conceived,2
4506,mimic,3
4507,rich,1
4508,humorous,2
4509,normal,1
4510,saturation,2
4511,mist,5
4512,painting make,1
4513,ground,2
4514,symbol,8
4515,animation created,1
4516,innate,4
4517,raghava,2
4518,participation,1
4519,trigger,2
4520,revealed,2
4521,spatial,1
4522,lim,4
4523,monster,5
4524,acrylic painting,1
4525,soon,2
4526,blended,3
4527,finally,3
4528,ceramic,1
4529,circle square,5
4530,straight,5
4531,still image,4
4532,grew,1
4533,collection still,3
4534,columbia,5
4535,unrelated,6
4536,pacific,4
4537,vancouver,5
4538,cluster,1
4539,jpf,1
4540,internal skeleton,1
4541,grotesque,3
4542,art festival,1
4543,nyc,3
4544,manipulated photoshop,3
4545,snake,4
4546,somewhat,1
4547,spiritual,3
4548,versa,2
4549,huge,1
4550,photography digital,2
4551,facet,4
4552,cope,4
4553,sensory,3
4554,damage,4
4555,work collection,3
4556,feedback loop,3
4557,never ending,1
4558,ending,1
4559,similar,2
4560,refer,5
4561,recreate,1
4562,original digital art,1
4563,cleared,1
4564,sensation,1
4565,constantly changing,1
4566,contains,1
4567,fast,3
4568,sound visual,1
4569,speculative,2
4570,abstract painting,2
4571,iotoff,5
4572,see painting,5
4573,present work many,5
4574,painting mixed,5
4575,interested history future,5
4576,interested history,5
4577,countless small,5
4578,reveals,3
4579,created part,1
4580,pen,4
4581,fresco,1
4582,simulate,3
4583,seamlessly continuously loop,1
4584,seamlessly continuously,1
4585,created seamlessly continuously,1
4586,created seamlessly,1
4587,continuously loop,1
4588,experienced,1
4589,digital print,2
4590,ballerina,2
4591,geometrical,1
4592,displayed,1
4593,saatchi gallery,1
4594,prize,2
4595,manifold,1
4596,art creation,1
4597,representing,2
4598,difficulty,1
4599,enhanced,1
4600,drawn,3
4601,artist created,2
4602,photorealistic image,1
4603,photorealistic,1
4604,eating,2
4605,another dimension,1
4606,exists,1
4607,thought idea,1
4608,chemical,3
4609,college,2
4610,part digital,1
4611,light shadow,1
4612,acid,3
4613,mechanical,1
4614,triggering,1
4615,digital age,1
4616,acting,1
4617,challenge,1
4618,loopable,3
4619,life death,3
4620,software real,1
4621,image see,1
4622,abstract form,2
4623,reference artist,2
4624,occurred,1
4625,nod,1
4626,dramatically,1
4627,contrasting,2
4628,smoke,3
4629,artist andrew,1
4630,numbered,1
4631,amount time,1
4632,series point,1
4633,slowly rotating,1
4634,jack,1
4635,matthew,2
4636,member,2
4637,start,2
4638,flat,1
4639,solid,1
4640,ukrainian,1
4641,inspired song,1
4642,isle,1
4643,placed,2
4644,hd trt,2
4645,doll,4
4646,provoking,2
4647,potential,3
4648,link,2
4649,video series,1
4650,universe know,1
4651,discovery,3
4652,mobile,6
4653,length,2
4654,metaphor,2
4655,litter,1
4656,opportunity,4
4657,liquid,2
4658,moving image work,1
4659,graceful,1
4660,pretty,3
4661,slogan,1
4662,manipulated printed,5
4663,cut collaged,5
4664,constellation,1
4665,origin,2
4666,begin,1
4667,created live performance,5
4668,created live,5
4669,combining digital,3
4670,swarm,1
4671,used creation,1
4672,realized,4
4673,comprising,2
4674,civilisation,2
4675,pose,2
4676,interest,1
4677,visual metaphor,1
4678,inhabit,1
4679,past present,3
4680,basic,1
4681,playful,1
4682,predictable,1
4683,unpredictable,1
4684,relation,1
4685,soleil,1
4686,happened,1
4687,resemble,2
4688,effort,1
4689,considered,2
4690,evolves,2
4691,translated,1
4692,continues,1
4693,washing project,3
4694,wanted work straight,5
4695,wanted work,4
4696,want spend time,4
4697,want spend,2
4698,raulin de maria,5
4699,raulin de,5
4700,raulin,5
4701,maria sound joerger,5
4702,maria sound,5
4703,maria,5
4704,work process,1
4705,contemplative,4
4706,connect,2
4707,grey,2
4708,encounter,2
4709,uk,2
4710,visited,1
4711,explanation,3
4712,akin,3
4713,metric,3
4714,minimum metric unit,3
4715,minimum metric,3
4716,metric unit,3
4717,pixel minimum metric,3
4718,pixel minimum,3
4719,route,2
4720,transforming,2
4721,happening,2
4722,dimension,1
4723,medium,1
4724,whereas,1
4725,feature,1
4726,oeuvre,1
4727,sad,1
4728,infrastructure,1
4729,england,3
4730,concrete,2
4731,root,1
4732,therefore,2
4733,monument,2
4734,channel,4
4735,print sold,1
4736,required,1
4737,internet picture,1
4738,meant,3
4739,created exclusively,2
4740,jupiter,2
4741,orbiting planet,2
4742,orbiting,2
4743,av,2
4744,miniature,1
4745,animating,1
4746,pair,2
4747,tide,5
4748,highlight,1
4749,color palette,1
4750,remind,1
4751,palette,2
4752,li,1
4753,revisiting,1
4754,ago,2
4755,vice versa,2
4756,vice,2
4757,path,5
4758,string,2
4759,visualisation,1
4760,snap,1
4761,blue green,3
4762,albeit,1
4763,original soundtrack,1
4764,video project,1
4765,technical,1
4766,enter,1
4767,newspaper,1
4768,point departure,2
4769,comment,1
4770,formed,3
4771,undefined,3
4772,liverpool biennial,1
4773,creates work,1
4774,originality,5
4775,sharing,2
4776,depiction,1
4777,streaming,1
4778,week,2
4779,layered,3
4780,id,1
4781,voo,3
4782,fertility,3
4783,simmons,1
4784,cast,3
4785,shine,1
4786,consisting,1
4787,wider,2
4788,video piece,1
4789,facial,1
4790,foe,1
4791,siren,3
4792,louis,3
4793,transparent,1
4794,vector,3
4795,specifically,1
4796,silent,3
4797,providing,1
4798,metrov,3
4799,meticulously,3
4800,certainly,1
4801,behave,1
4802,glimpse,2
4803,contract,1
4804,fuse,1
4805,materializing,4
4806,produce original,4
4807,series collection,4
4808,looked,3
4809,watching,5
4810,fade,1
4811,greber,2
4812,artificial intelligence,2
4813,hyper reality,1
4814,deliberate,1
4815,developing,1
4816,editor,1
4817,copper,2
4818,pattern created,2
4819,laid,2
4820,stroop,4
4821,stroop effect,4
4822,verbal,4
4823,theory interference occurs,4
4824,theory interference,4
4825,originally painting digitally,1
4826,originally painting,1
4827,interference occurs,3
4828,non verbal,3
4829,structured,2
4830,sale,1
4831,cy tone,1
4832,sphere,1
4833,photograph taken,1
4834,ashore,1
4835,elegant,2
4836,distinct,1
4837,motif,1
4838,switch,2
4839,side side,1
4840,bulb,1
4841,turned,1
4842,video footage,2
4843,attempt create,1
4844,technician,1
4845,episode,2
4846,still taken,4
4847,software running,4
4848,commissioned,2
4849,life work,2
4850,raise,1
4851,turning,2
4852,bench,1
4853,far beyond,2
4854,element,1
4855,element earth,1
4856,make happen,1
4857,platonic,1
4858,catalytic,1
4859,exclusive sedition,1
4860,bug,1
4861,fi,2
4862,equal,2
4863,seduce,1
4864,catch,2
4865,shape form,1
4866,mine,1
4867,pulsar,1
4868,emission,1
4869,routine,1
4870,rogala,3
4871,explores idea,2
4872,training,1
4873,middle distance,1
4874,published,1
4875,cage,1
4876,marketplace,1
4877,visiting,1
4878,cup,3
4879,answer,1
4880,sin,2
4881,bead,1
4882,video projection,1
4883,silk screen,3
4884,coloring,3
4885,tear,2
4886,describe,2
4887,exploit,2
4888,lead,2
4889,laura,1
4890,wobble,6
4891,way portrait algorithm,6
4892,variation time way,6
4893,variation time,6
4894,time way portrait,6
4895,time way,6
4896,three continues,6
4897,subtly change wobble,6
4898,subtly change,6
4899,structure color palette,6
4900,feed,1
4901,cellist,1
4902,digital imaging,1
4903,sample,1
4904,uncanny,1
4905,automaton,1
4906,uncanny valley,1
4907,perceived,1
4908,juxtaposes,1
4909,architect,1
4910,poetic interpretation,1
4911,namely,1
4912,artist duo,1
4913,die,3
4914,carpet,2
4915,lying,2
4916,collaborated,1
4917,includes,1
4918,soviet,5
4919,topic cultural,4
4920,help augmented reality,4
4921,help augmented,4
4922,petri dish,3
4923,petri,3
4924,dish,3
4925,mediated,3
4926,amplified,1
4927,coupled,1
4928,artwork comprising,1
4929,looping video,1
4930,detached,1
4931,left right,1
4932,assumption,1
4933,french philosopher,3
4934,immersing,1
4935,finite,1
4936,individual artist,1
4937,artefact,1
4938,looped,2
4939,sculptural work,1
4940,clash,1
4941,variety,1
4942,painting canvas,1
4943,made possible,1
4944,animation artist,1
4945,digital source,1
4946,abstract image,1
4947,presentation,1
4948,monotonous,1
4949,mercenary,1
4950,integrates,1
4951,seemingly,1
4952,musical,1
4953,spreading,1
4954,evolved,2
4955,billboard,1
4956,workshop,1
4957,existing,1
4958,reflective,2
4959,mountain range,1
4960,manipulating,1
4961,allowing,1
4962,moving painting,2
4963,app called,2
4964,visitor,1
4965,royal,1
4966,abstracting,1
4967,ahead,1
4968,dreamy,5
4969,first time,3
4970,performer,3
4971,toward,1
4972,include,4
4973,delight,1
4974,aka,1
4975,grounded,1
4976,evidence,1
4977,piece reflection,1
4978,societal,1
4979,work transforms,2
4980,relentless,1
4981,pushing,1
4982,ultimately,1
4983,passing,2
4984,version work,1
4985,tempera,3
4986,brand,1
4987,expressed,1
4988,work digital,1
4989,produce,1
4990,create art,1
4991,output,1
4992,exclusively sedition,1
4993,exclusively,1
4994,type,2
4995,recognisable,1
4996,pay,2
4997,demon,1
4998,synthesizer,1
4999,framed,1
5000,terror,3
5001,hybrid,3
5002,tiny,2
5003,untitled,3
5004,bunyard,5
5005,upon work,5
5006,jesc bunyard,5
5007,jesc,5
5008,surrounding perception,2
5009,cinematography,3
5010,flash,1
5011,part work,1
5012,systaime,1
5013,explosive,1
5014,landscape created,1
5015,remixes,1
5016,fps,1
5017,giving,1
5018,researcher,1
5019,devoid,1
5020,blow,1
5021,figure make,1
5022,light color,1
5023,organised,1
5024,water play light,5
5025,water motion reworked,5
5026,reworked various,5
5027,light moving water,5
5028,water play,5
5029,water motion,5
5030,light moving,5
5031,project titled,1
5032,preset,1
5033,excited,1
5034,take place,1
5035,series three,3
5036,aligned,1
5037,impressive,1
5038,attractive,1
5039,illusion,1
5040,machine learning,1
5041,world inspired,1
5042,seditionart,1
5043,digital artist,1
5044,banal,4
5045,influenced work,4
5046,pervasive,4
5047,pointed,1
5048,weave,1
5049,inspired concept,1
5050,realism,1
5051,leaving behind,1
5052,spinning,1
5053,riddle,1
5054,etching,1
5055,continued,1
5056,post apocalyptic,1
5057,flora,1
5058,index,1
5059,alteration,1
5060,extract extract,1
5061,extract extract extract,1
5062,precise,1
5063,contained,1
5064,digitally rendered,1
5065,rendered image,1
5066,substitute,1
5067,study exploring,1
